Image type	Feature Class	Feature Name	1: RTSTRUCT: ANON_31_segment_Lt Frontal
diagnostics	Versions	PyRadiomics	v3.0.1.post15+g2791e23
diagnostics	Versions	Numpy	1.23.4
diagnostics	Versions	SimpleITK	2.2.0rc2.dev368
diagnostics	Versions	PyWavelet	1.4.1
diagnostics	Versions	Python	3.9.10
diagnostics	Configuration	Settings	{'minimumROIDimensions': 2, 'minimumROISize': None, 'normalize': True, 'normalizeScale': 100, 'removeOutliers': 3, 'resampledPixelSpacing': [1, 1, 1], 'interpolator': 'sitkBSpline', 'preCrop': False, 'padDistance': 5, 'distances': [1], 'force2D': False, 'force2Ddimension': 0, 'resegmentRange': None, 'label': 1, 'additionalInfo': True, 'binWidth': 25, 'voxelArrayShift': 300, 'correctMask': True}
diagnostics	Configuration	EnabledImageTypes	{'Original': {}, 'Exponential': {}, 'Square': {}, 'SquareRoot': {}, 'Logarithm': {}, 'Gradient': {}, 'LBP2D': {}, 'LBP3D': {}, 'LoG': {'sigma': [1.0, 2.0, 3.0, 4.0, 5.0]}, 'Wavelet': {}}
diagnostics	Image-original	Hash	b477c4ed0b0f316a7dd790ed4a365be6d4a4241a
diagnostics	Image-original	Dimensionality	3D
diagnostics	Image-original	Spacing	(0.9722222089767499, 0.9722222089767499, 1.93859649122807)
diagnostics	Image-original	Size	(288, 288, 115)
diagnostics	Image-original	Mean	138.48512081488192
diagnostics	Image-original	Minimum	0.0
diagnostics	Image-original	Maximum	1828.0
diagnostics	Mask-original	Hash	1265abb1fbe91005646a83b663747a2d4b42fad1
diagnostics	Mask-original	Spacing	(0.9722222089767499, 0.9722222089767499, 1.93859649122807)
diagnostics	Mask-original	Size	(288, 288, 115)
diagnostics	Mask-original	BoundingBox	(158, 155, 79, 3, 5, 1)
diagnostics	Mask-original	VoxelNum	14
diagnostics	Mask-original	VolumeNum	1
diagnostics	Mask-original	CenterOfMassIndex	(159.07142857142858, 157.14285714285714, 79.0)
diagnostics	Mask-original	CenterOfMass	(11.761080648221593, 6.409738949366414, 47.68927607201758)
diagnostics	Image-interpolated	Spacing	(1.0, 1.0, 1.93859649122807)
diagnostics	Image-interpolated	Size	(15, 17, 13)
diagnostics	Image-interpolated	Mean	115.20839563551137
diagnostics	Image-interpolated	Minimum	-46.457402927313034
diagnostics	Image-interpolated	Maximum	304.0790410036514
diagnostics	Mask-interpolated	Spacing	(1.0, 1.0, 1.93859649122807)
diagnostics	Mask-interpolated	Size	(15, 17, 13)
diagnostics	Mask-interpolated	BoundingBox	(6, 6, 6, 3, 5, 1)
diagnostics	Mask-interpolated	VoxelNum	14
diagnostics	Mask-interpolated	VolumeNum	1
diagnostics	Mask-interpolated	CenterOfMassIndex	(7.071428571428571, 8.142857142857142, 6.0)
diagnostics	Mask-interpolated	CenterOfMass	(12.193622444360203, 6.788709291388759, 47.689276072017556)
diagnostics	Mask-interpolated	Mean	77.98619354529457
diagnostics	Mask-interpolated	Minimum	28.991075648585067
diagnostics	Mask-interpolated	Maximum	149.19672001350904
original	shape	Elongation	0.5772889125888142
original	shape	Flatness	3.2597569332247556e-16
original	shape	LeastAxisLength	1.7763568394002505e-15
original	shape	MajorAxisLength	5.449353665897314
original	shape	Maximum2DDiameterColumn	3.0
original	shape	Maximum2DDiameterRow	5.0
original	shape	Maximum2DDiameterSlice	5.385164807134504
original	shape	Maximum3DDiameter	5.385164807134504
original	shape	MeshVolume	20.193713450292393
original	shape	MinorAxisLength	3.1458514520977285
original	shape	Sphericity	0.8408370334786318
original	shape	SurfaceArea	42.64974308223995
original	shape	SurfaceVolumeRatio	2.1120307162535483
original	shape	VoxelVolume	27.14035087719298
original	firstorder	10Percentile	32.21720972421058
original	firstorder	90Percentile	137.21407150119236
original	firstorder	Energy	2022375.2310041662
original	firstorder	Entropy	2.155968102145906
original	firstorder	InterquartileRange	64.53528077193869
original	firstorder	Kurtosis	1.8943144946968324
original	firstorder	Maximum	149.19672001350904
original	firstorder	MeanAbsoluteDeviation	34.012296455766524
original	firstorder	Mean	77.98619354529457
original	firstorder	Median	70.80115167341884
original	firstorder	Minimum	28.991075648585067
original	firstorder	Range	120.20564436492397
original	firstorder	RobustMeanAbsoluteDeviation	23.59051005083382
original	firstorder	RootMeanSquared	380.0728530731374
original	firstorder	Skewness	0.4854843214631053
original	firstorder	TotalEnergy	3920569.526771234
original	firstorder	Uniformity	0.24489795918367346
original	firstorder	Variance	1581.811132293824
original	glcm	Autocorrelation	7.201388888888889
original	glcm	JointAverage	2.5834911616161613
original	glcm	ClusterProminence	51.76562024737274
original	glcm	ClusterShade	4.2533701358870095
original	glcm	ClusterTendency	5.106315739009869
original	glcm	Contrast	3.0170905483405486
original	glcm	Correlation	0.2083247100462429
original	glcm	DifferenceAverage	1.4456619769119767
original	glcm	DifferenceEntropy	1.3078239103845344
original	glcm	DifferenceVariance	0.4672209022689271
original	glcm	JointEnergy	0.14044783767118724
original	glcm	JointEntropy	3.009655397198591
original	glcm	Imc1	-0.6126125110367283
original	glcm	Imc2	0.9614987459849157
original	glcm	Idm	0.43431186868686866
original	glcm	Idmn	0.9017956948674494
original	glcm	Id	0.49951524170274175
original	glcm	Idn	0.7936456937573009
original	glcm	InverseVariance	0.4442703322911656
original	glcm	MaximumProbability	0.1995400432900433
original	glcm	SumEntropy	2.016560086815919
original	glcm	SumSquares	2.030851571837604
original	glrlm	GrayLevelNonUniformity	2.9047619047619047
original	glrlm	GrayLevelNonUniformityNormalized	0.23922902494331066
original	glrlm	GrayLevelVariance	2.242205215419501
original	glrlm	HighGrayLevelRunEmphasis	9.208333333333334
original	glrlm	LongRunEmphasis	2.583333333333333
original	glrlm	LongRunHighGrayLevelEmphasis	20.166666666666664
original	glrlm	LongRunLowGrayLevelEmphasis	1.459589947089947
original	glrlm	LowGrayLevelRunEmphasis	0.4011177248677249
original	glrlm	RunEntropy	2.263216701789718
original	glrlm	RunLengthNonUniformity	10.916666666666666
original	glrlm	RunLengthNonUniformityNormalized	0.8194444444444444
original	glrlm	RunPercentage	0.8571428571428572
original	glrlm	RunVariance	0.4722222222222222
original	glrlm	ShortRunEmphasis	0.860462962962963
original	glrlm	ShortRunHighGrayLevelEmphasis	7.836157407407407
original	glrlm	ShortRunLowGrayLevelEmphasis	0.3483515211640212
original	glszm	GrayLevelNonUniformity	1.3333333333333333
original	glszm	GrayLevelNonUniformityNormalized	0.2222222222222222
original	glszm	GrayLevelVariance	1.8055555555555554
original	glszm	HighGrayLevelZoneEmphasis	9.833333333333334
original	glszm	LargeAreaEmphasis	7.333333333333333
original	glszm	LargeAreaHighGrayLevelEmphasis	53.666666666666664
original	glszm	LargeAreaLowGrayLevelEmphasis	4.51949074074074
original	glszm	LowGrayLevelZoneEmphasis	0.2856018518518519
original	glszm	SizeZoneNonUniformity	1.6666666666666667
original	glszm	SizeZoneNonUniformityNormalized	0.2777777777777778
original	glszm	SmallAreaEmphasis	0.4418518518518519
original	glszm	SmallAreaHighGrayLevelEmphasis	4.34462962962963
original	glszm	SmallAreaLowGrayLevelEmphasis	0.07453703703703703
original	glszm	ZoneEntropy	2.5849625007211543
original	glszm	ZonePercentage	0.42857142857142855
original	glszm	ZoneVariance	1.8888888888888888
original	gldm	DependenceEntropy	2.8962915290459255
original	gldm	DependenceNonUniformity	6.0
original	gldm	DependenceNonUniformityNormalized	0.42857142857142855
original	gldm	DependenceVariance	0.40816326530612246
original	gldm	GrayLevelNonUniformity	3.4285714285714284
original	gldm	GrayLevelVariance	2.387755102040816
original	gldm	HighGrayLevelEmphasis	9.0
original	gldm	LargeDependenceEmphasis	5.0
original	gldm	LargeDependenceHighGrayLevelEmphasis	41.714285714285715
original	gldm	LargeDependenceLowGrayLevelEmphasis	2.777242063492064
original	gldm	LowGrayLevelEmphasis	0.4396230158730159
original	gldm	SmallDependenceEmphasis	0.3174603174603175
original	gldm	SmallDependenceHighGrayLevelEmphasis	3.043650793650794
original	gldm	SmallDependenceLowGrayLevelEmphasis	0.09648809523809523
original	ngtdm	Busyness	0.5010998964803313
original	ngtdm	Coarseness	0.30367979341510654
original	ngtdm	Complexity	9.726864067055393
original	ngtdm	Contrast	0.22450177009579336
original	ngtdm	Strength	3.4729130867323863
exponential	firstorder	10Percentile	1.8397983057961829
exponential	firstorder	90Percentile	13.305861915066778
exponential	firstorder	Energy	1309668.1465303819
exponential	firstorder	Entropy	-3.203426503814917e-16
exponential	firstorder	InterquartileRange	5.7699494596442324
exponential	firstorder	Kurtosis	2.908485952150924
exponential	firstorder	Maximum	16.53027521385722
exponential	firstorder	MeanAbsoluteDeviation	3.9345168900669982
exponential	firstorder	Mean	5.819111779004409
exponential	firstorder	Median	3.7857561617019195
exponential	firstorder	Minimum	1.7247628946025177
exponential	firstorder	Range	14.805512319254701
exponential	firstorder	RobustMeanAbsoluteDeviation	2.2095863159634197
exponential	firstorder	RootMeanSquared	305.8557253872651
exponential	firstorder	Skewness	1.1454932818687251
exponential	firstorder	TotalEnergy	2538918.0735369683
exponential	firstorder	Uniformity	1.0
exponential	firstorder	Variance	22.39562287093768
exponential	glcm	Autocorrelation	1.0
exponential	glcm	JointAverage	1.0
exponential	glcm	ClusterProminence	0.0
exponential	glcm	ClusterShade	0.0
exponential	glcm	ClusterTendency	0.0
exponential	glcm	Contrast	0.0
exponential	glcm	Correlation	1.0
exponential	glcm	DifferenceAverage	0.0
exponential	glcm	DifferenceEntropy	-3.203426503814917e-16
exponential	glcm	DifferenceVariance	0.0
exponential	glcm	JointEnergy	1.0
exponential	glcm	JointEntropy	-3.203426503814917e-16
exponential	glcm	Imc1	0.0
exponential	glcm	Imc2	0.0
exponential	glcm	Idm	1.0
exponential	glcm	Idmn	1.0
exponential	glcm	Id	1.0
exponential	glcm	Idn	1.0
exponential	glcm	InverseVariance	0.0
exponential	glcm	MaximumProbability	1.0
exponential	glcm	SumEntropy	-3.203426503814917e-16
exponential	glcm	SumSquares	0.0
exponential	glrlm	GrayLevelNonUniformity	5.25
exponential	glrlm	GrayLevelNonUniformityNormalized	1.0
exponential	glrlm	GrayLevelVariance	0.0
exponential	glrlm	HighGrayLevelRunEmphasis	1.0
exponential	glrlm	LongRunEmphasis	10.142857142857142
exponential	glrlm	LongRunHighGrayLevelEmphasis	10.142857142857142
exponential	glrlm	LongRunLowGrayLevelEmphasis	10.142857142857142
exponential	glrlm	LowGrayLevelRunEmphasis	1.0
exponential	glrlm	RunEntropy	1.164007138357979
exponential	glrlm	RunLengthNonUniformity	2.4571428571428573
exponential	glrlm	RunLengthNonUniformityNormalized	0.49284580498866215
exponential	glrlm	RunPercentage	0.375
exponential	glrlm	RunVariance	0.3773015873015873
exponential	glrlm	ShortRunEmphasis	0.22913690476190474
exponential	glrlm	ShortRunHighGrayLevelEmphasis	0.22913690476190474
exponential	glrlm	ShortRunLowGrayLevelEmphasis	0.22913690476190474
exponential	glszm	GrayLevelNonUniformity	1.0
exponential	glszm	GrayLevelNonUniformityNormalized	1.0
exponential	glszm	GrayLevelVariance	0.0
exponential	glszm	HighGrayLevelZoneEmphasis	1.0
exponential	glszm	LargeAreaEmphasis	196.0
exponential	glszm	LargeAreaHighGrayLevelEmphasis	196.0
exponential	glszm	LargeAreaLowGrayLevelEmphasis	196.0
exponential	glszm	LowGrayLevelZoneEmphasis	1.0
exponential	glszm	SizeZoneNonUniformity	1.0
exponential	glszm	SizeZoneNonUniformityNormalized	1.0
exponential	glszm	SmallAreaEmphasis	0.00510204081632653
exponential	glszm	SmallAreaHighGrayLevelEmphasis	0.00510204081632653
exponential	glszm	SmallAreaLowGrayLevelEmphasis	0.00510204081632653
exponential	glszm	ZoneEntropy	-3.203426503814917e-16
exponential	glszm	ZonePercentage	0.07142857142857142
exponential	glszm	ZoneVariance	0.0
exponential	gldm	DependenceEntropy	2.0741647430225734
exponential	gldm	DependenceNonUniformity	3.857142857142857
exponential	gldm	DependenceNonUniformityNormalized	0.2755102040816326
exponential	gldm	DependenceVariance	2.571428571428571
exponential	gldm	GrayLevelNonUniformity	14.0
exponential	gldm	GrayLevelVariance	0.0
exponential	gldm	HighGrayLevelEmphasis	1.0
exponential	gldm	LargeDependenceEmphasis	38.57142857142857
exponential	gldm	LargeDependenceHighGrayLevelEmphasis	38.57142857142857
exponential	gldm	LargeDependenceLowGrayLevelEmphasis	38.57142857142857
exponential	gldm	LowGrayLevelEmphasis	1.0
exponential	gldm	SmallDependenceEmphasis	0.03389164462081129
exponential	gldm	SmallDependenceHighGrayLevelEmphasis	0.03389164462081129
exponential	gldm	SmallDependenceLowGrayLevelEmphasis	0.03389164462081129
exponential	ngtdm	Busyness	0.0
exponential	ngtdm	Coarseness	1000000.0
exponential	ngtdm	Complexity	0.0
exponential	ngtdm	Contrast	0.0
exponential	ngtdm	Strength	0.0
square	firstorder	10Percentile	3.484395714274541
square	firstorder	90Percentile	62.07812553235276
square	firstorder	Energy	1488204.3364433504
square	firstorder	Entropy	1.0949143184120964
square	firstorder	InterquartileRange	33.51229803018415
square	firstorder	Kurtosis	2.371312967777544
square	firstorder	Maximum	73.20353678214248
square	firstorder	MeanAbsoluteDeviation	19.510886314398793
square	firstorder	Mean	25.20284690021086
square	firstorder	Median	16.486014302284712
square	firstorder	Minimum	2.764026302134679
square	firstorder	Range	70.4395104800078
square	firstorder	RobustMeanAbsoluteDeviation	12.592280567057617
square	firstorder	RootMeanSquared	326.03728275452426
square	firstorder	Skewness	0.9036191059100539
square	firstorder	TotalEnergy	2885027.7048594775
square	firstorder	Uniformity	0.5612244897959183
square	firstorder	Variance	543.4181139516103
square	glcm	Autocorrelation	2.0690386002886005
square	glcm	JointAverage	1.4208829365079365
square	glcm	ClusterProminence	4.920187984304387
square	glcm	ClusterShade	1.4647661292943974
square	glcm	ClusterTendency	1.3004160260484667
square	glcm	Contrast	1.1115169552669553
square	glcm	Correlation	0.028729538249674683
square	glcm	DifferenceAverage	0.6144931457431457
square	glcm	DifferenceEntropy	1.143890914447661
square	glcm	DifferenceVariance	0.6392590012550781
square	glcm	JointEnergy	0.41054052331446816
square	glcm	JointEntropy	1.6739467224487563
square	glcm	Imc1	-0.2872466007790059
square	glcm	Imc2	0.544997835534401
square	glcm	Idm	0.7424558080808081
square	glcm	Idmn	0.9117878649128649
square	glcm	Id	0.7755907287157288
square	glcm	Idn	0.8712279040404041
square	glcm	InverseVariance	0.17959731240981242
square	glcm	MaximumProbability	0.5885642135642135
square	glcm	SumEntropy	1.307965481467516
square	glcm	SumSquares	0.6029832453288555
square	glrlm	GrayLevelNonUniformity	3.647222222222222
square	glrlm	GrayLevelNonUniformityNormalized	0.43177469135802465
square	glrlm	GrayLevelVariance	0.7867515432098766
square	glrlm	HighGrayLevelRunEmphasis	3.7875
square	glrlm	LongRunEmphasis	5.516666666666667
square	glrlm	LongRunHighGrayLevelEmphasis	12.304166666666665
square	glrlm	LongRunLowGrayLevelEmphasis	4.704050925925926
square	glrlm	LowGrayLevelRunEmphasis	0.6318287037037037
square	glrlm	RunEntropy	1.6361307011238548
square	glrlm	RunLengthNonUniformity	4.113888888888889
square	glrlm	RunLengthNonUniformityNormalized	0.4802932098765432
square	glrlm	RunPercentage	0.5892857142857143
square	glrlm	RunVariance	0.8692283950617286
square	glrlm	ShortRunEmphasis	0.5702777777777778
square	glrlm	ShortRunHighGrayLevelEmphasis	2.9133333333333336
square	glrlm	ShortRunLowGrayLevelEmphasis	0.2514891975308642
square	glszm	GrayLevelNonUniformity	1.0
square	glszm	GrayLevelNonUniformityNormalized	0.3333333333333333
square	glszm	GrayLevelVariance	0.6666666666666666
square	glszm	HighGrayLevelZoneEmphasis	4.666666666666667
square	glszm	LargeAreaEmphasis	36.666666666666664
square	glszm	LargeAreaHighGrayLevelEmphasis	61.666666666666664
square	glszm	LargeAreaLowGrayLevelEmphasis	33.75
square	glszm	LowGrayLevelZoneEmphasis	0.4537037037037037
square	glszm	SizeZoneNonUniformity	1.0
square	glszm	SizeZoneNonUniformityNormalized	0.3333333333333333
square	glszm	SmallAreaEmphasis	0.3737037037037037
square	glszm	SmallAreaHighGrayLevelEmphasis	1.67
square	glszm	SmallAreaLowGrayLevelEmphasis	0.09078189300411522
square	glszm	ZoneEntropy	1.5849625007211552
square	glszm	ZonePercentage	0.21428571428571427
square	glszm	ZoneVariance	14.888888888888888
square	gldm	DependenceEntropy	1.9852281360342499
square	gldm	DependenceNonUniformity	4.142857142857143
square	gldm	DependenceNonUniformityNormalized	0.29591836734693877
square	gldm	DependenceVariance	2.9183673469387754
square	gldm	GrayLevelNonUniformity	7.857142857142857
square	gldm	GrayLevelVariance	0.6785714285714285
square	gldm	HighGrayLevelEmphasis	2.9285714285714284
square	gldm	LargeDependenceEmphasis	21.285714285714285
square	gldm	LargeDependenceHighGrayLevelEmphasis	31.214285714285715
square	gldm	LargeDependenceLowGrayLevelEmphasis	20.15277777777778
square	gldm	LowGrayLevelEmphasis	0.755952380952381
square	gldm	SmallDependenceEmphasis	0.14484126984126983
square	gldm	SmallDependenceHighGrayLevelEmphasis	0.7083333333333333
square	gldm	SmallDependenceLowGrayLevelEmphasis	0.05246913580246913
square	ngtdm	Busyness	1.2761160714285713
square	ngtdm	Coarseness	0.3428371523526325
square	ngtdm	Complexity	1.7028721278721277
square	ngtdm	Contrast	0.11773060414642045
square	ngtdm	Strength	1.3135108642378697
squareroot	firstorder	10Percentile	98.73398957967008
squareroot	firstorder	90Percentile	204.196378485226
squareroot	firstorder	Energy	2842804.9363433123
squareroot	firstorder	Entropy	2.556656707462821
squareroot	firstorder	InterquartileRange	65.02406082240734
squareroot	firstorder	Kurtosis	1.771741830859915
squareroot	firstorder	Maximum	212.9967031261238
squareroot	firstorder	MeanAbsoluteDeviation	33.5472866186979
squareroot	firstorder	Mean	148.90588084719235
squareroot	firstorder	Median	146.72722874124972
squareroot	firstorder	Minimum	93.89131206286372
squareroot	firstorder	Range	119.10539106326009
squareroot	firstorder	RobustMeanAbsoluteDeviation	23.448085887766073
squareroot	firstorder	RootMeanSquared	450.61901363912034
squareroot	firstorder	Skewness	0.21518602321513028
squareroot	firstorder	TotalEnergy	5511051.674840982
squareroot	firstorder	Uniformity	0.173469387755102
squareroot	firstorder	Variance	1541.0055939000733
squareroot	glcm	Autocorrelation	12.430871212121211
squareroot	glcm	JointAverage	3.429405663780664
squareroot	glcm	ClusterProminence	71.81740127474131
squareroot	glcm	ClusterShade	2.2808027767696695
squareroot	glcm	ClusterTendency	5.968738864825849
squareroot	glcm	Contrast	3.313537157287157
squareroot	glcm	Correlation	0.24552187222912086
squareroot	glcm	DifferenceAverage	1.5903228715728714
squareroot	glcm	DifferenceEntropy	1.0796614518863394
squareroot	glcm	DifferenceVariance	0.34304352240972913
squareroot	glcm	JointEnergy	0.09619110834952285
squareroot	glcm	JointEntropy	3.4664109302673443
squareroot	glcm	Imc1	-0.6045176530656617
squareroot	glcm	Imc2	0.9729914448330272
squareroot	glcm	Idm	0.3771599927849928
squareroot	glcm	Idmn	0.9199834981084982
squareroot	glcm	Id	0.4583107864357865
squareroot	glcm	Idn	0.8019765039854326
squareroot	glcm	InverseVariance	0.40107298180214845
squareroot	glcm	MaximumProbability	0.14019660894660896
squareroot	glcm	SumEntropy	2.377401600283875
squareroot	glcm	SumSquares	2.320569005528252
squareroot	glrlm	GrayLevelNonUniformity	2.196428571428571
squareroot	glrlm	GrayLevelNonUniformityNormalized	0.1769770408163265
squareroot	glrlm	GrayLevelVariance	2.6147161989795915
squareroot	glrlm	HighGrayLevelRunEmphasis	14.352678571428573
squareroot	glrlm	LongRunEmphasis	1.625
squareroot	glrlm	LongRunHighGrayLevelEmphasis	21.165178571428573
squareroot	glrlm	LongRunLowGrayLevelEmphasis	0.405595238095238
squareroot	glrlm	LowGrayLevelRunEmphasis	0.23046502976190478
squareroot	glrlm	RunEntropy	2.604992530597115
squareroot	glrlm	RunLengthNonUniformity	11.3125
squareroot	glrlm	RunLengthNonUniformityNormalized	0.8515625
squareroot	glrlm	RunPercentage	0.8928571428571428
squareroot	glrlm	RunVariance	0.109375
squareroot	glrlm	ShortRunEmphasis	0.8784722222222222
squareroot	glrlm	ShortRunHighGrayLevelEmphasis	12.78844246031746
squareroot	glrlm	ShortRunLowGrayLevelEmphasis	0.195363033234127
squareroot	glszm	GrayLevelNonUniformity	1.5
squareroot	glszm	GrayLevelNonUniformityNormalized	0.1875
squareroot	glszm	GrayLevelVariance	2.484375
squareroot	glszm	HighGrayLevelZoneEmphasis	15.625
squareroot	glszm	LargeAreaEmphasis	3.5
squareroot	glszm	LargeAreaHighGrayLevelEmphasis	42.875
squareroot	glszm	LargeAreaLowGrayLevelEmphasis	0.9058333333333334
squareroot	glszm	LowGrayLevelZoneEmphasis	0.2053125
squareroot	glszm	SizeZoneNonUniformity	3.25
squareroot	glszm	SizeZoneNonUniformityNormalized	0.40625
squareroot	glszm	SmallAreaEmphasis	0.5138888888888888
squareroot	glszm	SmallAreaHighGrayLevelEmphasis	9.368055555555555
squareroot	glszm	SmallAreaLowGrayLevelEmphasis	0.06490451388888889
squareroot	glszm	ZoneEntropy	2.749999999999998
squareroot	glszm	ZonePercentage	0.5714285714285714
squareroot	glszm	ZoneVariance	0.4375
squareroot	gldm	DependenceEntropy	2.9502120649147443
squareroot	gldm	DependenceNonUniformity	7.857142857142857
squareroot	gldm	DependenceNonUniformityNormalized	0.5612244897959183
squareroot	gldm	DependenceVariance	0.26530612244897955
squareroot	gldm	GrayLevelNonUniformity	2.4285714285714284
squareroot	gldm	GrayLevelVariance	2.658163265306122
squareroot	gldm	HighGrayLevelEmphasis	13.928571428571429
squareroot	gldm	LargeDependenceEmphasis	3.7142857142857144
squareroot	gldm	LargeDependenceHighGrayLevelEmphasis	44.5
squareroot	gldm	LargeDependenceLowGrayLevelEmphasis	1.0037301587301586
squareroot	gldm	LowGrayLevelEmphasis	0.23884920634920634
squareroot	gldm	SmallDependenceEmphasis	0.40079365079365076
squareroot	gldm	SmallDependenceHighGrayLevelEmphasis	6.603174603174603
squareroot	gldm	SmallDependenceLowGrayLevelEmphasis	0.0674702380952381
squareroot	ngtdm	Busyness	0.2326152683295541
squareroot	ngtdm	Coarseness	0.47766043866774976
squareroot	ngtdm	Complexity	11.457142857142856
squareroot	ngtdm	Contrast	0.16176520778379377
squareroot	ngtdm	Strength	5.253842571029343
logarithm	firstorder	10Percentile	185.72149284182618
logarithm	firstorder	90Percentile	261.92208744263115
logarithm	firstorder	Energy	3871459.6540273507
logarithm	firstorder	Entropy	1.9852281360342503
logarithm	firstorder	InterquartileRange	45.9775793940191
logarithm	firstorder	Kurtosis	1.7881095637824143
logarithm	firstorder	Maximum	266.4118200099015
logarithm	firstorder	MeanAbsoluteDeviation	24.180281545211876
logarithm	firstorder	Mean	225.1117536221696
logarithm	firstorder	Median	227.17946692421123
logarithm	firstorder	Minimum	180.77607757490554
logarithm	firstorder	Range	85.63574243499593
logarithm	firstorder	RobustMeanAbsoluteDeviation	16.857911440264676
logarithm	firstorder	RootMeanSquared	525.8638915446895
logarithm	firstorder	Skewness	-0.07918877372056314
logarithm	firstorder	TotalEnergy	7505198.10122846
logarithm	firstorder	Uniformity	0.2551020408163265
logarithm	firstorder	Variance	790.4786383749193
logarithm	glcm	Autocorrelation	7.510326479076478
logarithm	glcm	JointAverage	2.6895968614718613
logarithm	glcm	ClusterProminence	14.397214686243753
logarithm	glcm	ClusterShade	-0.8360478742856721
logarithm	glcm	ClusterTendency	2.6527074285292627
logarithm	glcm	Contrast	1.5677759740259738
logarithm	glcm	Correlation	0.22886086091493033
logarithm	glcm	DifferenceAverage	1.0528950216450217
logarithm	glcm	DifferenceEntropy	0.7827817122318441
logarithm	glcm	DifferenceVariance	0.18131387799610205
logarithm	glcm	JointEnergy	0.16014182063627408
logarithm	glcm	JointEntropy	2.8461093337112966
logarithm	glcm	Imc1	-0.5052804426831116
logarithm	glcm	Imc2	0.9143107122634464
logarithm	glcm	Idm	0.5250405844155844
logarithm	glcm	Idmn	0.9168640183346065
logarithm	glcm	Id	0.5593659812409812
logarithm	glcm	Idn	0.806583694083694
logarithm	glcm	InverseVariance	0.6023741883116883
logarithm	glcm	MaximumProbability	0.2259199134199134
logarithm	glcm	SumEntropy	2.050654788256752
logarithm	glcm	SumSquares	1.0551208506388092
logarithm	glrlm	GrayLevelNonUniformity	3.0285714285714285
logarithm	glrlm	GrayLevelNonUniformityNormalized	0.26132653061224487
logarithm	glrlm	GrayLevelVariance	1.1821938775510201
logarithm	glrlm	HighGrayLevelRunEmphasis	7.860714285714286
logarithm	glrlm	LongRunEmphasis	3.05
logarithm	glrlm	LongRunHighGrayLevelEmphasis	27.61071428571428
logarithm	glrlm	LongRunLowGrayLevelEmphasis	0.8894841269841272
logarithm	glrlm	LowGrayLevelRunEmphasis	0.3217757936507937
logarithm	glrlm	RunEntropy	2.069403125747528
logarithm	glrlm	RunLengthNonUniformity	10.85
logarithm	glrlm	RunLengthNonUniformityNormalized	0.8200000000000001
logarithm	glrlm	RunPercentage	0.8392857142857143
logarithm	glrlm	RunVariance	0.34
logarithm	glrlm	ShortRunEmphasis	0.8243055555555556
logarithm	glrlm	ShortRunHighGrayLevelEmphasis	6.494394841269841
logarithm	glrlm	ShortRunLowGrayLevelEmphasis	0.2598183283730159
logarithm	glszm	GrayLevelNonUniformity	1.4
logarithm	glszm	GrayLevelNonUniformityNormalized	0.28
logarithm	glszm	GrayLevelVariance	1.04
logarithm	glszm	HighGrayLevelZoneEmphasis	6.8
logarithm	glszm	LargeAreaEmphasis	9.2
logarithm	glszm	LargeAreaHighGrayLevelEmphasis	85.8
logarithm	glszm	LargeAreaLowGrayLevelEmphasis	2.6055555555555556
logarithm	glszm	LowGrayLevelZoneEmphasis	0.33472222222222225
logarithm	glszm	SizeZoneNonUniformity	1.4
logarithm	glszm	SizeZoneNonUniformityNormalized	0.28
logarithm	glszm	SmallAreaEmphasis	0.2972222222222222
logarithm	glszm	SmallAreaHighGrayLevelEmphasis	1.3347222222222221
logarithm	glszm	SmallAreaLowGrayLevelEmphasis	0.08689236111111112
logarithm	glszm	ZoneEntropy	2.321928094887361
logarithm	glszm	ZonePercentage	0.35714285714285715
logarithm	glszm	ZoneVariance	1.36
logarithm	gldm	DependenceEntropy	2.9502120649147443
logarithm	gldm	DependenceNonUniformity	6.428571428571429
logarithm	gldm	DependenceNonUniformityNormalized	0.45918367346938777
logarithm	gldm	DependenceVariance	0.3469387755102041
logarithm	gldm	GrayLevelNonUniformity	3.5714285714285716
logarithm	gldm	GrayLevelVariance	1.2295918367346936
logarithm	gldm	HighGrayLevelEmphasis	8.214285714285714
logarithm	gldm	LargeDependenceEmphasis	5.571428571428571
logarithm	gldm	LargeDependenceHighGrayLevelEmphasis	50.214285714285715
logarithm	gldm	LargeDependenceLowGrayLevelEmphasis	1.6974206349206349
logarithm	gldm	LowGrayLevelEmphasis	0.3174603174603175
logarithm	gldm	SmallDependenceEmphasis	0.25396825396825395
logarithm	gldm	SmallDependenceHighGrayLevelEmphasis	1.7619047619047616
logarithm	gldm	SmallDependenceLowGrayLevelEmphasis	0.07939263668430334
logarithm	ngtdm	Busyness	0.3660317460317461
logarithm	ngtdm	Coarseness	0.424978317432784
logarithm	ngtdm	Complexity	3.6262633624878524
logarithm	ngtdm	Contrast	0.13909583391179597
logarithm	ngtdm	Strength	2.1047356552242547
gradient	firstorder	10Percentile	28.10760612487793
gradient	firstorder	90Percentile	61.67902603149414
gradient	firstorder	Energy	1665971.0024247298
gradient	firstorder	Entropy	0.9402859586706304
gradient	firstorder	InterquartileRange	25.127704620361328
gradient	firstorder	Kurtosis	1.6822455886583514
gradient	firstorder	Maximum	66.74656677246094
gradient	firstorder	MeanAbsoluteDeviation	11.637769776947646
gradient	firstorder	Mean	44.70437962668283
gradient	firstorder	Median	41.13703155517578
gradient	firstorder	Minimum	27.2714786529541
gradient	firstorder	Range	39.475088119506836
gradient	firstorder	RobustMeanAbsoluteDeviation	8.820624542236327
gradient	firstorder	RootMeanSquared	344.9607640654565
gradient	firstorder	Skewness	0.2665912038241421
gradient	firstorder	TotalEnergy	3229645.539788292
gradient	firstorder	Uniformity	0.5408163265306123
gradient	firstorder	Variance	176.81941080730195
gradient	glcm	Autocorrelation	2.0590277777777777
gradient	glcm	JointAverage	1.4185380591630592
gradient	glcm	ClusterProminence	0.6086498842924551
gradient	glcm	ClusterShade	0.14197699455424545
gradient	glcm	ClusterTendency	0.5761374486854736
gradient	glcm	Contrast	0.3931727994227994
gradient	glcm	Correlation	0.1946428571428569
gradient	glcm	DifferenceAverage	0.3931727994227994
gradient	glcm	DifferenceEntropy	0.9036941586091195
gradient	glcm	DifferenceVariance	0.21873671750227486
gradient	glcm	JointEnergy	0.2966081584435886
gradient	glcm	JointEntropy	1.8696543157921293
gradient	glcm	Imc1	-0.08982530238692064
gradient	glcm	Imc2	0.31237992241435397
gradient	glcm	Idm	0.8034136002886002
gradient	glcm	Idmn	0.9213654401154401
gradient	glcm	Id	0.8034136002886002
gradient	glcm	Idn	0.8689424001924002
gradient	glcm	InverseVariance	0.3931727994227994
gradient	glcm	MaximumProbability	0.38487554112554107
gradient	glcm	SumEntropy	1.4764815163693301
gradient	glcm	SumSquares	0.24232756202706823
gradient	glrlm	GrayLevelNonUniformity	4.627272727272727
gradient	glrlm	GrayLevelNonUniformityNormalized	0.5420752984389348
gradient	glrlm	GrayLevelVariance	0.2289623507805326
gradient	glrlm	HighGrayLevelRunEmphasis	2.0727272727272728
gradient	glrlm	LongRunEmphasis	4.198989898989899
gradient	glrlm	LongRunHighGrayLevelEmphasis	8.126262626262626
gradient	glrlm	LongRunLowGrayLevelEmphasis	3.217171717171717
gradient	glrlm	LowGrayLevelRunEmphasis	0.7318181818181818
gradient	glrlm	RunEntropy	1.9573712377149395
gradient	glrlm	RunLengthNonUniformity	4.153535353535354
gradient	glrlm	RunLengthNonUniformityNormalized	0.47687582899704106
gradient	glrlm	RunPercentage	0.6071428571428571
gradient	glrlm	RunVariance	0.624154678094072
gradient	glrlm	ShortRunEmphasis	0.5695364758698092
gradient	glrlm	ShortRunHighGrayLevelEmphasis	1.095294051627385
gradient	glrlm	ShortRunLowGrayLevelEmphasis	0.4380970819304153
gradient	glszm	GrayLevelNonUniformity	1.0
gradient	glszm	GrayLevelNonUniformityNormalized	0.5
gradient	glszm	GrayLevelVariance	0.25
gradient	glszm	HighGrayLevelZoneEmphasis	2.5
gradient	glszm	LargeAreaEmphasis	53.0
gradient	glszm	LargeAreaHighGrayLevelEmphasis	90.5
gradient	glszm	LargeAreaLowGrayLevelEmphasis	43.625
gradient	glszm	LowGrayLevelZoneEmphasis	0.625
gradient	glszm	SizeZoneNonUniformity	1.0
gradient	glszm	SizeZoneNonUniformityNormalized	0.5
gradient	glszm	SmallAreaEmphasis	0.02617283950617284
gradient	glszm	SmallAreaHighGrayLevelEmphasis	0.08617283950617284
gradient	glszm	SmallAreaLowGrayLevelEmphasis	0.01117283950617284
gradient	glszm	ZoneEntropy	0.9999999999999993
gradient	glszm	ZonePercentage	0.14285714285714285
gradient	glszm	ZoneVariance	4.0
gradient	gldm	DependenceEntropy	2.8962915290459255
gradient	gldm	DependenceNonUniformity	3.7142857142857144
gradient	gldm	DependenceNonUniformityNormalized	0.2653061224489796
gradient	gldm	DependenceVariance	1.4081632653061225
gradient	gldm	GrayLevelNonUniformity	7.571428571428571
gradient	gldm	GrayLevelVariance	0.22959183673469388
gradient	gldm	HighGrayLevelEmphasis	2.0714285714285716
gradient	gldm	LargeDependenceEmphasis	18.571428571428573
gradient	gldm	LargeDependenceHighGrayLevelEmphasis	38.07142857142857
gradient	gldm	LargeDependenceLowGrayLevelEmphasis	13.696428571428571
gradient	gldm	LowGrayLevelEmphasis	0.7321428571428571
gradient	gldm	SmallDependenceEmphasis	0.07687439261418852
gradient	gldm	SmallDependenceHighGrayLevelEmphasis	0.14461248785228373
gradient	gldm	SmallDependenceLowGrayLevelEmphasis	0.059939868804664724
gradient	ngtdm	Busyness	17.492857142857154
gradient	ngtdm	Coarseness	0.4001633319722335
gradient	ngtdm	Complexity	0.356997084548105
gradient	ngtdm	Contrast	0.07723344439816744
gradient	ngtdm	Strength	0.4246713852376137
log-sigma-1-0-mm-3D	firstorder	10Percentile	-31.836321449279787
log-sigma-1-0-mm-3D	firstorder	90Percentile	46.86211433410645
log-sigma-1-0-mm-3D	firstorder	Energy	1401178.979874881
log-sigma-1-0-mm-3D	firstorder	Entropy	2.120952031026402
log-sigma-1-0-mm-3D	firstorder	InterquartileRange	48.12415540218353
log-sigma-1-0-mm-3D	firstorder	Kurtosis	1.8678226832248292
log-sigma-1-0-mm-3D	firstorder	Maximum	53.92795944213867
log-sigma-1-0-mm-3D	firstorder	MeanAbsoluteDeviation	25.773900285059092
log-sigma-1-0-mm-3D	firstorder	Mean	14.935137646538871
log-sigma-1-0-mm-3D	firstorder	Median	20.090328216552734
log-sigma-1-0-mm-3D	firstorder	Minimum	-36.31487274169922
log-sigma-1-0-mm-3D	firstorder	Range	90.24283218383789
log-sigma-1-0-mm-3D	firstorder	RobustMeanAbsoluteDeviation	18.294752073287963
log-sigma-1-0-mm-3D	firstorder	RootMeanSquared	316.36089020010957
log-sigma-1-0-mm-3D	firstorder	Skewness	-0.47323961247756974
log-sigma-1-0-mm-3D	firstorder	TotalEnergy	2716320.653967971
log-sigma-1-0-mm-3D	firstorder	Uniformity	0.25510204081632654
log-sigma-1-0-mm-3D	firstorder	Variance	900.0719237613843
log-sigma-1-0-mm-3D	glcm	Autocorrelation	9.463113275613276
log-sigma-1-0-mm-3D	glcm	JointAverage	3.0300099206349205
log-sigma-1-0-mm-3D	glcm	ClusterProminence	18.51994112164395
log-sigma-1-0-mm-3D	glcm	ClusterShade	-1.695346942743515
log-sigma-1-0-mm-3D	glcm	ClusterTendency	2.858020128295426
log-sigma-1-0-mm-3D	glcm	Contrast	1.7471590909090908
log-sigma-1-0-mm-3D	glcm	Correlation	0.21143877274322298
log-sigma-1-0-mm-3D	glcm	DifferenceAverage	1.098349567099567
log-sigma-1-0-mm-3D	glcm	DifferenceEntropy	1.135383643209175
log-sigma-1-0-mm-3D	glcm	DifferenceVariance	0.3359036064494668
log-sigma-1-0-mm-3D	glcm	JointEnergy	0.15122101292116175
log-sigma-1-0-mm-3D	glcm	JointEntropy	2.936065757878568
log-sigma-1-0-mm-3D	glcm	Imc1	-0.49208364778876607
log-sigma-1-0-mm-3D	glcm	Imc2	0.9191598568429193
log-sigma-1-0-mm-3D	glcm	Idm	0.5157061688311688
log-sigma-1-0-mm-3D	glcm	Idmn	0.9391681784240101
log-sigma-1-0-mm-3D	glcm	Id	0.5500315656565657
log-sigma-1-0-mm-3D	glcm	Idn	0.8317518295196867
log-sigma-1-0-mm-3D	glcm	InverseVariance	0.6149666305916306
log-sigma-1-0-mm-3D	glcm	MaximumProbability	0.2241838023088023
log-sigma-1-0-mm-3D	glcm	SumEntropy	2.054978095540907
log-sigma-1-0-mm-3D	glcm	SumSquares	1.1512948048011293
log-sigma-1-0-mm-3D	glrlm	GrayLevelNonUniformity	2.967032967032967
log-sigma-1-0-mm-3D	glrlm	GrayLevelNonUniformityNormalized	0.2443243569617196
log-sigma-1-0-mm-3D	glrlm	GrayLevelVariance	1.4507456828885401
log-sigma-1-0-mm-3D	glrlm	HighGrayLevelRunEmphasis	10.667582417582418
log-sigma-1-0-mm-3D	glrlm	LongRunEmphasis	2.2362637362637363
log-sigma-1-0-mm-3D	glrlm	LongRunHighGrayLevelEmphasis	25.090659340659343
log-sigma-1-0-mm-3D	glrlm	LongRunLowGrayLevelEmphasis	0.447135989010989
log-sigma-1-0-mm-3D	glrlm	LowGrayLevelRunEmphasis	0.24338141025641027
log-sigma-1-0-mm-3D	glrlm	RunEntropy	2.293786729092697
log-sigma-1-0-mm-3D	glrlm	RunLengthNonUniformity	10.538461538461538
log-sigma-1-0-mm-3D	glrlm	RunLengthNonUniformityNormalized	0.8216398985629755
log-sigma-1-0-mm-3D	glrlm	RunPercentage	0.8571428571428572
log-sigma-1-0-mm-3D	glrlm	RunVariance	0.44632290786136936
log-sigma-1-0-mm-3D	glrlm	ShortRunEmphasis	0.8918269230769231
log-sigma-1-0-mm-3D	glrlm	ShortRunHighGrayLevelEmphasis	9.572973901098901
log-sigma-1-0-mm-3D	glrlm	ShortRunLowGrayLevelEmphasis	0.20988138163919415
log-sigma-1-0-mm-3D	glszm	GrayLevelNonUniformity	1.3333333333333333
log-sigma-1-0-mm-3D	glszm	GrayLevelNonUniformityNormalized	0.2222222222222222
log-sigma-1-0-mm-3D	glszm	GrayLevelVariance	1.8055555555555554
log-sigma-1-0-mm-3D	glszm	HighGrayLevelZoneEmphasis	9.833333333333334
log-sigma-1-0-mm-3D	glszm	LargeAreaEmphasis	8.0
log-sigma-1-0-mm-3D	glszm	LargeAreaHighGrayLevelEmphasis	96.83333333333333
log-sigma-1-0-mm-3D	glszm	LargeAreaLowGrayLevelEmphasis	1.3133796296296296
log-sigma-1-0-mm-3D	glszm	LowGrayLevelZoneEmphasis	0.2856018518518519
log-sigma-1-0-mm-3D	glszm	SizeZoneNonUniformity	2.0
log-sigma-1-0-mm-3D	glszm	SizeZoneNonUniformityNormalized	0.3333333333333333
log-sigma-1-0-mm-3D	glszm	SmallAreaEmphasis	0.55875
log-sigma-1-0-mm-3D	glszm	SmallAreaHighGrayLevelEmphasis	5.742083333333333
log-sigma-1-0-mm-3D	glszm	SmallAreaLowGrayLevelEmphasis	0.13324074074074074
log-sigma-1-0-mm-3D	glszm	ZoneEntropy	2.2516291673878213
log-sigma-1-0-mm-3D	glszm	ZonePercentage	0.42857142857142855
log-sigma-1-0-mm-3D	glszm	ZoneVariance	2.5555555555555554
log-sigma-1-0-mm-3D	gldm	DependenceEntropy	2.7534343861887827
log-sigma-1-0-mm-3D	gldm	DependenceNonUniformity	5.0
log-sigma-1-0-mm-3D	gldm	DependenceNonUniformityNormalized	0.35714285714285715
log-sigma-1-0-mm-3D	gldm	DependenceVariance	0.5510204081632654
log-sigma-1-0-mm-3D	gldm	GrayLevelNonUniformity	3.5714285714285716
log-sigma-1-0-mm-3D	gldm	GrayLevelVariance	1.3520408163265305
log-sigma-1-0-mm-3D	gldm	HighGrayLevelEmphasis	10.785714285714286
log-sigma-1-0-mm-3D	gldm	LargeDependenceEmphasis	5.142857142857143
log-sigma-1-0-mm-3D	gldm	LargeDependenceHighGrayLevelEmphasis	59.642857142857146
log-sigma-1-0-mm-3D	gldm	LargeDependenceLowGrayLevelEmphasis	0.9725992063492063
log-sigma-1-0-mm-3D	gldm	LowGrayLevelEmphasis	0.23549603174603176
log-sigma-1-0-mm-3D	gldm	SmallDependenceEmphasis	0.3611111111111111
log-sigma-1-0-mm-3D	gldm	SmallDependenceHighGrayLevelEmphasis	3.8095238095238098
log-sigma-1-0-mm-3D	gldm	SmallDependenceLowGrayLevelEmphasis	0.08373787477954144
log-sigma-1-0-mm-3D	ngtdm	Busyness	0.15340909090909088
log-sigma-1-0-mm-3D	ngtdm	Coarseness	0.5185185185185185
log-sigma-1-0-mm-3D	ngtdm	Complexity	5.592025699168556
log-sigma-1-0-mm-3D	ngtdm	Contrast	0.08756073858114674
log-sigma-1-0-mm-3D	ngtdm	Strength	3.7027310924369745
log-sigma-2-0-mm-3D	firstorder	10Percentile	8.013567161560058
log-sigma-2-0-mm-3D	firstorder	90Percentile	42.36713676452637
log-sigma-2-0-mm-3D	firstorder	Energy	1494169.2848812786
log-sigma-2-0-mm-3D	firstorder	Entropy	0.9402859586706304
log-sigma-2-0-mm-3D	firstorder	InterquartileRange	21.800901174545288
log-sigma-2-0-mm-3D	firstorder	Kurtosis	1.8146663924592257
log-sigma-2-0-mm-3D	firstorder	Maximum	44.17086410522461
log-sigma-2-0-mm-3D	firstorder	MeanAbsoluteDeviation	10.54942183105313
log-sigma-2-0-mm-3D	firstorder	Mean	26.44275709560939
log-sigma-2-0-mm-3D	firstorder	Median	28.530095100402832
log-sigma-2-0-mm-3D	firstorder	Minimum	6.167663097381592
log-sigma-2-0-mm-3D	firstorder	Range	38.00320100784302
log-sigma-2-0-mm-3D	firstorder	RobustMeanAbsoluteDeviation	7.204445953369141
log-sigma-2-0-mm-3D	firstorder	RootMeanSquared	326.6900327397821
log-sigma-2-0-mm-3D	firstorder	Skewness	-0.283812811588667
log-sigma-2-0-mm-3D	firstorder	TotalEnergy	2896591.3329716013
log-sigma-2-0-mm-3D	firstorder	Uniformity	0.5408163265306123
log-sigma-2-0-mm-3D	firstorder	Variance	161.50383133685838
log-sigma-2-0-mm-3D	glcm	Autocorrelation	2.8819444444444446
log-sigma-2-0-mm-3D	glcm	JointAverage	1.6875676406926408
log-sigma-2-0-mm-3D	glcm	ClusterProminence	0.5571381514112042
log-sigma-2-0-mm-3D	glcm	ClusterShade	-0.23846169830536235
log-sigma-2-0-mm-3D	glcm	ClusterTendency	0.4965727983686588
log-sigma-2-0-mm-3D	glcm	Contrast	0.36151695526695526
log-sigma-2-0-mm-3D	glcm	Correlation	0.15898268398268378
log-sigma-2-0-mm-3D	glcm	DifferenceAverage	0.36151695526695526
log-sigma-2-0-mm-3D	glcm	DifferenceEntropy	0.8120319045628323
log-sigma-2-0-mm-3D	glcm	DifferenceVariance	0.19200371024978707
log-sigma-2-0-mm-3D	glcm	JointEnergy	0.37895141293240586
log-sigma-2-0-mm-3D	glcm	JointEntropy	1.603025768205045
log-sigma-2-0-mm-3D	glcm	Imc1	-0.2083100281836643
log-sigma-2-0-mm-3D	glcm	Imc2	0.4279061803937755
log-sigma-2-0-mm-3D	glcm	Idm	0.8192415223665223
log-sigma-2-0-mm-3D	glcm	Idmn	0.9276966089466089
log-sigma-2-0-mm-3D	glcm	Id	0.8192415223665223
log-sigma-2-0-mm-3D	glcm	Idn	0.8794943482443482
log-sigma-2-0-mm-3D	glcm	InverseVariance	0.36151695526695526
log-sigma-2-0-mm-3D	glcm	MaximumProbability	0.5068091630591631
log-sigma-2-0-mm-3D	glcm	SumEntropy	1.24150881293809
log-sigma-2-0-mm-3D	glcm	SumSquares	0.2145224384089035
log-sigma-2-0-mm-3D	glrlm	GrayLevelNonUniformity	4.1641414141414135
log-sigma-2-0-mm-3D	glrlm	GrayLevelNonUniformityNormalized	0.5041194776043261
log-sigma-2-0-mm-3D	glrlm	GrayLevelVariance	0.24794026119783694
log-sigma-2-0-mm-3D	glrlm	HighGrayLevelRunEmphasis	2.617424242424242
log-sigma-2-0-mm-3D	glrlm	LongRunEmphasis	5.412878787878788
log-sigma-2-0-mm-3D	glrlm	LongRunHighGrayLevelEmphasis	16.956439393939394
log-sigma-2-0-mm-3D	glrlm	LongRunLowGrayLevelEmphasis	2.5269886363636362
log-sigma-2-0-mm-3D	glrlm	LowGrayLevelRunEmphasis	0.5956439393939394
log-sigma-2-0-mm-3D	glrlm	RunEntropy	1.7612288287227267
log-sigma-2-0-mm-3D	glrlm	RunLengthNonUniformity	4.311868686868687
log-sigma-2-0-mm-3D	glrlm	RunLengthNonUniformityNormalized	0.49766286603407817
log-sigma-2-0-mm-3D	glrlm	RunPercentage	0.5892857142857143
log-sigma-2-0-mm-3D	glrlm	RunVariance	0.7355435669829609
log-sigma-2-0-mm-3D	glrlm	ShortRunEmphasis	0.563342803030303
log-sigma-2-0-mm-3D	glrlm	ShortRunHighGrayLevelEmphasis	1.1715767045454546
log-sigma-2-0-mm-3D	glrlm	ShortRunLowGrayLevelEmphasis	0.4112843276515152
log-sigma-2-0-mm-3D	glszm	GrayLevelNonUniformity	1.0
log-sigma-2-0-mm-3D	glszm	GrayLevelNonUniformityNormalized	0.5
log-sigma-2-0-mm-3D	glszm	GrayLevelVariance	0.25
log-sigma-2-0-mm-3D	glszm	HighGrayLevelZoneEmphasis	2.5
log-sigma-2-0-mm-3D	glszm	LargeAreaEmphasis	53.0
log-sigma-2-0-mm-3D	glszm	LargeAreaHighGrayLevelEmphasis	174.5
log-sigma-2-0-mm-3D	glszm	LargeAreaLowGrayLevelEmphasis	22.625
log-sigma-2-0-mm-3D	glszm	LowGrayLevelZoneEmphasis	0.625
log-sigma-2-0-mm-3D	glszm	SizeZoneNonUniformity	1.0
log-sigma-2-0-mm-3D	glszm	SizeZoneNonUniformityNormalized	0.5
log-sigma-2-0-mm-3D	glszm	SmallAreaEmphasis	0.02617283950617284
log-sigma-2-0-mm-3D	glszm	SmallAreaHighGrayLevelEmphasis	0.04469135802469136
log-sigma-2-0-mm-3D	glszm	SmallAreaLowGrayLevelEmphasis	0.02154320987654321
log-sigma-2-0-mm-3D	glszm	ZoneEntropy	0.9999999999999993
log-sigma-2-0-mm-3D	glszm	ZonePercentage	0.14285714285714285
log-sigma-2-0-mm-3D	glszm	ZoneVariance	4.0
log-sigma-2-0-mm-3D	gldm	DependenceEntropy	2.61057724333164
log-sigma-2-0-mm-3D	gldm	DependenceNonUniformity	3.2857142857142856
log-sigma-2-0-mm-3D	gldm	DependenceNonUniformityNormalized	0.23469387755102042
log-sigma-2-0-mm-3D	gldm	DependenceVariance	1.7755102040816326
log-sigma-2-0-mm-3D	gldm	GrayLevelNonUniformity	7.571428571428571
log-sigma-2-0-mm-3D	gldm	GrayLevelVariance	0.22959183673469388
log-sigma-2-0-mm-3D	gldm	HighGrayLevelEmphasis	2.9285714285714284
log-sigma-2-0-mm-3D	gldm	LargeDependenceEmphasis	20.142857142857142
log-sigma-2-0-mm-3D	gldm	LargeDependenceHighGrayLevelEmphasis	70.5
log-sigma-2-0-mm-3D	gldm	LargeDependenceLowGrayLevelEmphasis	7.553571428571429
log-sigma-2-0-mm-3D	gldm	LowGrayLevelEmphasis	0.5178571428571429
log-sigma-2-0-mm-3D	gldm	SmallDependenceEmphasis	0.0766468253968254
log-sigma-2-0-mm-3D	gldm	SmallDependenceHighGrayLevelEmphasis	0.16819444444444445
log-sigma-2-0-mm-3D	gldm	SmallDependenceLowGrayLevelEmphasis	0.05375992063492063
log-sigma-2-0-mm-3D	ngtdm	Busyness	1.1889652014652015
log-sigma-2-0-mm-3D	ngtdm	Coarseness	0.45288250471752606
log-sigma-2-0-mm-3D	ngtdm	Complexity	0.31543974732750246
log-sigma-2-0-mm-3D	ngtdm	Contrast	0.07588634943773429
log-sigma-2-0-mm-3D	ngtdm	Strength	0.43220993053768975
log-sigma-3-0-mm-3D	firstorder	10Percentile	19.44145965576172
log-sigma-3-0-mm-3D	firstorder	90Percentile	28.973300170898437
log-sigma-3-0-mm-3D	firstorder	Energy	1468374.1619831587
log-sigma-3-0-mm-3D	firstorder	Entropy	0.9852281360342509
log-sigma-3-0-mm-3D	firstorder	InterquartileRange	6.237319469451904
log-sigma-3-0-mm-3D	firstorder	Kurtosis	2.0482444264884405
log-sigma-3-0-mm-3D	firstorder	Maximum	30.537349700927734
log-sigma-3-0-mm-3D	firstorder	MeanAbsoluteDeviation	3.6069981030055454
log-sigma-3-0-mm-3D	firstorder	Mean	23.83142478125436
log-sigma-3-0-mm-3D	firstorder	Median	23.825862884521484
log-sigma-3-0-mm-3D	firstorder	Minimum	15.886624336242676
log-sigma-3-0-mm-3D	firstorder	Range	14.650725364685059
log-sigma-3-0-mm-3D	firstorder	RobustMeanAbsoluteDeviation	2.5991695404052733
log-sigma-3-0-mm-3D	firstorder	RootMeanSquared	323.8577908790875
log-sigma-3-0-mm-3D	firstorder	Skewness	-0.10957734514887178
log-sigma-3-0-mm-3D	firstorder	TotalEnergy	2846584.998230509
log-sigma-3-0-mm-3D	firstorder	Uniformity	0.510204081632653
log-sigma-3-0-mm-3D	firstorder	Variance	17.077037225567885
log-sigma-3-0-mm-3D	glcm	Autocorrelation	2.397862554112554
log-sigma-3-0-mm-3D	glcm	JointAverage	1.544845779220779
log-sigma-3-0-mm-3D	glcm	ClusterProminence	0.5116035069385728
log-sigma-3-0-mm-3D	glcm	ClusterShade	-0.03196154280947366
log-sigma-3-0-mm-3D	glcm	ClusterTendency	0.515576026381627
log-sigma-3-0-mm-3D	glcm	Contrast	0.47334956709956705
log-sigma-3-0-mm-3D	glcm	Correlation	0.04087301587301585
log-sigma-3-0-mm-3D	glcm	DifferenceAverage	0.47334956709956705
log-sigma-3-0-mm-3D	glcm	DifferenceEntropy	0.9509045694035858
log-sigma-3-0-mm-3D	glcm	DifferenceVariance	0.2332250350208954
log-sigma-3-0-mm-3D	glcm	JointEnergy	0.2723121682385075
log-sigma-3-0-mm-3D	glcm	JointEntropy	1.9321407167990394
log-sigma-3-0-mm-3D	glcm	Imc1	-0.05214498662107942
log-sigma-3-0-mm-3D	glcm	Imc2	0.3050062314133233
log-sigma-3-0-mm-3D	glcm	Idm	0.7633252164502164
log-sigma-3-0-mm-3D	glcm	Idmn	0.9053300865800866
log-sigma-3-0-mm-3D	glcm	Id	0.7633252164502164
log-sigma-3-0-mm-3D	glcm	Idn	0.842216810966811
log-sigma-3-0-mm-3D	glcm	InverseVariance	0.47334956709956705
log-sigma-3-0-mm-3D	glcm	MaximumProbability	0.32379599567099565
log-sigma-3-0-mm-3D	glcm	SumEntropy	1.4587911496994725
log-sigma-3-0-mm-3D	glcm	SumSquares	0.2472313983702985
log-sigma-3-0-mm-3D	glrlm	GrayLevelNonUniformity	5.052759740259741
log-sigma-3-0-mm-3D	glrlm	GrayLevelNonUniformityNormalized	0.5493667249957834
log-sigma-3-0-mm-3D	glrlm	GrayLevelVariance	0.22531663750210829
log-sigma-3-0-mm-3D	glrlm	HighGrayLevelRunEmphasis	2.04099025974026
log-sigma-3-0-mm-3D	glrlm	LongRunEmphasis	3.1412337662337664
log-sigma-3-0-mm-3D	glrlm	LongRunHighGrayLevelEmphasis	7.558441558441559
log-sigma-3-0-mm-3D	glrlm	LongRunLowGrayLevelEmphasis	2.0369318181818183
log-sigma-3-0-mm-3D	glrlm	LowGrayLevelRunEmphasis	0.7397524350649352
log-sigma-3-0-mm-3D	glrlm	RunEntropy	1.640423259062841
log-sigma-3-0-mm-3D	glrlm	RunLengthNonUniformity	4.880681818181818
log-sigma-3-0-mm-3D	glrlm	RunLengthNonUniformityNormalized	0.5103582497048407
log-sigma-3-0-mm-3D	glrlm	RunPercentage	0.6607142857142856
log-sigma-3-0-mm-3D	glrlm	RunVariance	0.5656914108618654
log-sigma-3-0-mm-3D	glrlm	ShortRunEmphasis	0.6792252886002886
log-sigma-3-0-mm-3D	glrlm	ShortRunHighGrayLevelEmphasis	1.1142564033189033
log-sigma-3-0-mm-3D	glrlm	ShortRunLowGrayLevelEmphasis	0.5704675099206349
log-sigma-3-0-mm-3D	glszm	GrayLevelNonUniformity	1.0
log-sigma-3-0-mm-3D	glszm	GrayLevelNonUniformityNormalized	0.5
log-sigma-3-0-mm-3D	glszm	GrayLevelVariance	0.25
log-sigma-3-0-mm-3D	glszm	HighGrayLevelZoneEmphasis	2.5
log-sigma-3-0-mm-3D	glszm	LargeAreaEmphasis	50.0
log-sigma-3-0-mm-3D	glszm	LargeAreaHighGrayLevelEmphasis	104.0
log-sigma-3-0-mm-3D	glszm	LargeAreaLowGrayLevelEmphasis	36.5
log-sigma-3-0-mm-3D	glszm	LowGrayLevelZoneEmphasis	0.625
log-sigma-3-0-mm-3D	glszm	SizeZoneNonUniformity	1.0
log-sigma-3-0-mm-3D	glszm	SizeZoneNonUniformityNormalized	0.5
log-sigma-3-0-mm-3D	glszm	SmallAreaEmphasis	0.021701388888888888
log-sigma-3-0-mm-3D	glszm	SmallAreaHighGrayLevelEmphasis	0.06336805555555555
log-sigma-3-0-mm-3D	glszm	SmallAreaLowGrayLevelEmphasis	0.011284722222222222
log-sigma-3-0-mm-3D	glszm	ZoneEntropy	0.9999999999999993
log-sigma-3-0-mm-3D	glszm	ZonePercentage	0.14285714285714285
log-sigma-3-0-mm-3D	glszm	ZoneVariance	1.0
log-sigma-3-0-mm-3D	gldm	DependenceEntropy	2.2359263506290312
log-sigma-3-0-mm-3D	gldm	DependenceNonUniformity	4.285714285714286
log-sigma-3-0-mm-3D	gldm	DependenceNonUniformityNormalized	0.30612244897959184
log-sigma-3-0-mm-3D	gldm	DependenceVariance	1.3469387755102038
log-sigma-3-0-mm-3D	gldm	GrayLevelNonUniformity	7.142857142857143
log-sigma-3-0-mm-3D	gldm	GrayLevelVariance	0.24489795918367346
log-sigma-3-0-mm-3D	gldm	HighGrayLevelEmphasis	2.2857142857142856
log-sigma-3-0-mm-3D	gldm	LargeDependenceEmphasis	15.142857142857142
log-sigma-3-0-mm-3D	gldm	LargeDependenceHighGrayLevelEmphasis	44.285714285714285
log-sigma-3-0-mm-3D	gldm	LargeDependenceLowGrayLevelEmphasis	7.857142857142857
log-sigma-3-0-mm-3D	gldm	LowGrayLevelEmphasis	0.6785714285714286
log-sigma-3-0-mm-3D	gldm	SmallDependenceEmphasis	0.09821428571428571
log-sigma-3-0-mm-3D	gldm	SmallDependenceHighGrayLevelEmphasis	0.16369047619047622
log-sigma-3-0-mm-3D	gldm	SmallDependenceLowGrayLevelEmphasis	0.0818452380952381
log-sigma-3-0-mm-3D	ngtdm	Busyness	5.845238095238095
log-sigma-3-0-mm-3D	ngtdm	Coarseness	0.2993890020366599
log-sigma-3-0-mm-3D	ngtdm	Complexity	0.47716229348882405
log-sigma-3-0-mm-3D	ngtdm	Contrast	0.11261974177426069
log-sigma-3-0-mm-3D	ngtdm	Strength	0.31065088757396453
log-sigma-4-0-mm-3D	firstorder	10Percentile	13.795714569091796
log-sigma-4-0-mm-3D	firstorder	90Percentile	18.899564361572267
log-sigma-4-0-mm-3D	firstorder	Energy	1405060.733968612
log-sigma-4-0-mm-3D	firstorder	Entropy	-3.203426503814917e-16
log-sigma-4-0-mm-3D	firstorder	InterquartileRange	2.1300017833709717
log-sigma-4-0-mm-3D	firstorder	Kurtosis	3.5770966688152135
log-sigma-4-0-mm-3D	firstorder	Maximum	19.299156188964844
log-sigma-4-0-mm-3D	firstorder	MeanAbsoluteDeviation	1.63731016431536
log-sigma-4-0-mm-3D	firstorder	Mean	16.791584968566895
log-sigma-4-0-mm-3D	firstorder	Median	17.49437713623047
log-sigma-4-0-mm-3D	firstorder	Minimum	11.555075645446777
log-sigma-4-0-mm-3D	firstorder	Range	7.744080543518066
log-sigma-4-0-mm-3D	firstorder	RobustMeanAbsoluteDeviation	0.8238854598999026
log-sigma-4-0-mm-3D	firstorder	RootMeanSquared	316.79880207752996
log-sigma-4-0-mm-3D	firstorder	Skewness	-1.1863357853493188
log-sigma-4-0-mm-3D	firstorder	TotalEnergy	2723845.808833888
log-sigma-4-0-mm-3D	firstorder	Uniformity	1.0
log-sigma-4-0-mm-3D	firstorder	Variance	4.572690861250262
log-sigma-4-0-mm-3D	glcm	Autocorrelation	1.0
log-sigma-4-0-mm-3D	glcm	JointAverage	1.0
log-sigma-4-0-mm-3D	glcm	ClusterProminence	0.0
log-sigma-4-0-mm-3D	glcm	ClusterShade	0.0
log-sigma-4-0-mm-3D	glcm	ClusterTendency	0.0
log-sigma-4-0-mm-3D	glcm	Contrast	0.0
log-sigma-4-0-mm-3D	glcm	Correlation	1.0
log-sigma-4-0-mm-3D	glcm	DifferenceAverage	0.0
log-sigma-4-0-mm-3D	glcm	DifferenceEntropy	-3.203426503814917e-16
log-sigma-4-0-mm-3D	glcm	DifferenceVariance	0.0
log-sigma-4-0-mm-3D	glcm	JointEnergy	1.0
log-sigma-4-0-mm-3D	glcm	JointEntropy	-3.203426503814917e-16
log-sigma-4-0-mm-3D	glcm	Imc1	0.0
log-sigma-4-0-mm-3D	glcm	Imc2	0.0
log-sigma-4-0-mm-3D	glcm	Idm	1.0
log-sigma-4-0-mm-3D	glcm	Idmn	1.0
log-sigma-4-0-mm-3D	glcm	Id	1.0
log-sigma-4-0-mm-3D	glcm	Idn	1.0
log-sigma-4-0-mm-3D	glcm	InverseVariance	0.0
log-sigma-4-0-mm-3D	glcm	MaximumProbability	1.0
log-sigma-4-0-mm-3D	glcm	SumEntropy	-3.203426503814917e-16
log-sigma-4-0-mm-3D	glcm	SumSquares	0.0
log-sigma-4-0-mm-3D	glrlm	GrayLevelNonUniformity	5.25
log-sigma-4-0-mm-3D	glrlm	GrayLevelNonUniformityNormalized	1.0
log-sigma-4-0-mm-3D	glrlm	GrayLevelVariance	0.0
log-sigma-4-0-mm-3D	glrlm	HighGrayLevelRunEmphasis	1.0
log-sigma-4-0-mm-3D	glrlm	LongRunEmphasis	10.142857142857142
log-sigma-4-0-mm-3D	glrlm	LongRunHighGrayLevelEmphasis	10.142857142857142
log-sigma-4-0-mm-3D	glrlm	LongRunLowGrayLevelEmphasis	10.142857142857142
log-sigma-4-0-mm-3D	glrlm	LowGrayLevelRunEmphasis	1.0
log-sigma-4-0-mm-3D	glrlm	RunEntropy	1.164007138357979
log-sigma-4-0-mm-3D	glrlm	RunLengthNonUniformity	2.4571428571428573
log-sigma-4-0-mm-3D	glrlm	RunLengthNonUniformityNormalized	0.49284580498866215
log-sigma-4-0-mm-3D	glrlm	RunPercentage	0.375
log-sigma-4-0-mm-3D	glrlm	RunVariance	0.3773015873015873
log-sigma-4-0-mm-3D	glrlm	ShortRunEmphasis	0.22913690476190474
log-sigma-4-0-mm-3D	glrlm	ShortRunHighGrayLevelEmphasis	0.22913690476190474
log-sigma-4-0-mm-3D	glrlm	ShortRunLowGrayLevelEmphasis	0.22913690476190474
log-sigma-4-0-mm-3D	glszm	GrayLevelNonUniformity	1.0
log-sigma-4-0-mm-3D	glszm	GrayLevelNonUniformityNormalized	1.0
log-sigma-4-0-mm-3D	glszm	GrayLevelVariance	0.0
log-sigma-4-0-mm-3D	glszm	HighGrayLevelZoneEmphasis	1.0
log-sigma-4-0-mm-3D	glszm	LargeAreaEmphasis	196.0
log-sigma-4-0-mm-3D	glszm	LargeAreaHighGrayLevelEmphasis	196.0
log-sigma-4-0-mm-3D	glszm	LargeAreaLowGrayLevelEmphasis	196.0
log-sigma-4-0-mm-3D	glszm	LowGrayLevelZoneEmphasis	1.0
log-sigma-4-0-mm-3D	glszm	SizeZoneNonUniformity	1.0
log-sigma-4-0-mm-3D	glszm	SizeZoneNonUniformityNormalized	1.0
log-sigma-4-0-mm-3D	glszm	SmallAreaEmphasis	0.00510204081632653
log-sigma-4-0-mm-3D	glszm	SmallAreaHighGrayLevelEmphasis	0.00510204081632653
log-sigma-4-0-mm-3D	glszm	SmallAreaLowGrayLevelEmphasis	0.00510204081632653
log-sigma-4-0-mm-3D	glszm	ZoneEntropy	-3.203426503814917e-16
log-sigma-4-0-mm-3D	glszm	ZonePercentage	0.07142857142857142
log-sigma-4-0-mm-3D	glszm	ZoneVariance	0.0
log-sigma-4-0-mm-3D	gldm	DependenceEntropy	2.0741647430225734
log-sigma-4-0-mm-3D	gldm	DependenceNonUniformity	3.857142857142857
log-sigma-4-0-mm-3D	gldm	DependenceNonUniformityNormalized	0.2755102040816326
log-sigma-4-0-mm-3D	gldm	DependenceVariance	2.571428571428571
log-sigma-4-0-mm-3D	gldm	GrayLevelNonUniformity	14.0
log-sigma-4-0-mm-3D	gldm	GrayLevelVariance	0.0
log-sigma-4-0-mm-3D	gldm	HighGrayLevelEmphasis	1.0
log-sigma-4-0-mm-3D	gldm	LargeDependenceEmphasis	38.57142857142857
log-sigma-4-0-mm-3D	gldm	LargeDependenceHighGrayLevelEmphasis	38.57142857142857
log-sigma-4-0-mm-3D	gldm	LargeDependenceLowGrayLevelEmphasis	38.57142857142857
log-sigma-4-0-mm-3D	gldm	LowGrayLevelEmphasis	1.0
log-sigma-4-0-mm-3D	gldm	SmallDependenceEmphasis	0.03389164462081129
log-sigma-4-0-mm-3D	gldm	SmallDependenceHighGrayLevelEmphasis	0.03389164462081129
log-sigma-4-0-mm-3D	gldm	SmallDependenceLowGrayLevelEmphasis	0.03389164462081129
log-sigma-4-0-mm-3D	ngtdm	Busyness	0.0
log-sigma-4-0-mm-3D	ngtdm	Coarseness	1000000.0
log-sigma-4-0-mm-3D	ngtdm	Complexity	0.0
log-sigma-4-0-mm-3D	ngtdm	Contrast	0.0
log-sigma-4-0-mm-3D	ngtdm	Strength	0.0
log-sigma-5-0-mm-3D	firstorder	10Percentile	4.161887574195862
log-sigma-5-0-mm-3D	firstorder	90Percentile	9.533241176605225
log-sigma-5-0-mm-3D	firstorder	Energy	1323603.0389116474
log-sigma-5-0-mm-3D	firstorder	Entropy	-3.203426503814917e-16
log-sigma-5-0-mm-3D	firstorder	InterquartileRange	2.674824357032776
log-sigma-5-0-mm-3D	firstorder	Kurtosis	2.9404754683299155
log-sigma-5-0-mm-3D	firstorder	Maximum	9.645329475402832
log-sigma-5-0-mm-3D	firstorder	MeanAbsoluteDeviation	1.8349227953930287
log-sigma-5-0-mm-3D	firstorder	Mean	7.470569712775094
log-sigma-5-0-mm-3D	firstorder	Median	8.563724040985107
log-sigma-5-0-mm-3D	firstorder	Minimum	2.35890793800354
log-sigma-5-0-mm-3D	firstorder	Range	7.286421537399292
log-sigma-5-0-mm-3D	firstorder	RobustMeanAbsoluteDeviation	1.1400153160095214
log-sigma-5-0-mm-3D	firstorder	RootMeanSquared	307.4785752015493
log-sigma-5-0-mm-3D	firstorder	Skewness	-1.0445873530537213
log-sigma-5-0-mm-3D	firstorder	TotalEnergy	2565932.2070129304
log-sigma-5-0-mm-3D	firstorder	Uniformity	1.0
log-sigma-5-0-mm-3D	firstorder	Variance	4.922968476334985
log-sigma-5-0-mm-3D	glcm	Autocorrelation	1.0
log-sigma-5-0-mm-3D	glcm	JointAverage	1.0
log-sigma-5-0-mm-3D	glcm	ClusterProminence	0.0
log-sigma-5-0-mm-3D	glcm	ClusterShade	0.0
log-sigma-5-0-mm-3D	glcm	ClusterTendency	0.0
log-sigma-5-0-mm-3D	glcm	Contrast	0.0
log-sigma-5-0-mm-3D	glcm	Correlation	1.0
log-sigma-5-0-mm-3D	glcm	DifferenceAverage	0.0
log-sigma-5-0-mm-3D	glcm	DifferenceEntropy	-3.203426503814917e-16
log-sigma-5-0-mm-3D	glcm	DifferenceVariance	0.0
log-sigma-5-0-mm-3D	glcm	JointEnergy	1.0
log-sigma-5-0-mm-3D	glcm	JointEntropy	-3.203426503814917e-16
log-sigma-5-0-mm-3D	glcm	Imc1	0.0
log-sigma-5-0-mm-3D	glcm	Imc2	0.0
log-sigma-5-0-mm-3D	glcm	Idm	1.0
log-sigma-5-0-mm-3D	glcm	Idmn	1.0
log-sigma-5-0-mm-3D	glcm	Id	1.0
log-sigma-5-0-mm-3D	glcm	Idn	1.0
log-sigma-5-0-mm-3D	glcm	InverseVariance	0.0
log-sigma-5-0-mm-3D	glcm	MaximumProbability	1.0
log-sigma-5-0-mm-3D	glcm	SumEntropy	-3.203426503814917e-16
log-sigma-5-0-mm-3D	glcm	SumSquares	0.0
log-sigma-5-0-mm-3D	glrlm	GrayLevelNonUniformity	5.25
log-sigma-5-0-mm-3D	glrlm	GrayLevelNonUniformityNormalized	1.0
log-sigma-5-0-mm-3D	glrlm	GrayLevelVariance	0.0
log-sigma-5-0-mm-3D	glrlm	HighGrayLevelRunEmphasis	1.0
log-sigma-5-0-mm-3D	glrlm	LongRunEmphasis	10.142857142857142
log-sigma-5-0-mm-3D	glrlm	LongRunHighGrayLevelEmphasis	10.142857142857142
log-sigma-5-0-mm-3D	glrlm	LongRunLowGrayLevelEmphasis	10.142857142857142
log-sigma-5-0-mm-3D	glrlm	LowGrayLevelRunEmphasis	1.0
log-sigma-5-0-mm-3D	glrlm	RunEntropy	1.164007138357979
log-sigma-5-0-mm-3D	glrlm	RunLengthNonUniformity	2.4571428571428573
log-sigma-5-0-mm-3D	glrlm	RunLengthNonUniformityNormalized	0.49284580498866215
log-sigma-5-0-mm-3D	glrlm	RunPercentage	0.375
log-sigma-5-0-mm-3D	glrlm	RunVariance	0.3773015873015873
log-sigma-5-0-mm-3D	glrlm	ShortRunEmphasis	0.22913690476190474
log-sigma-5-0-mm-3D	glrlm	ShortRunHighGrayLevelEmphasis	0.22913690476190474
log-sigma-5-0-mm-3D	glrlm	ShortRunLowGrayLevelEmphasis	0.22913690476190474
log-sigma-5-0-mm-3D	glszm	GrayLevelNonUniformity	1.0
log-sigma-5-0-mm-3D	glszm	GrayLevelNonUniformityNormalized	1.0
log-sigma-5-0-mm-3D	glszm	GrayLevelVariance	0.0
log-sigma-5-0-mm-3D	glszm	HighGrayLevelZoneEmphasis	1.0
log-sigma-5-0-mm-3D	glszm	LargeAreaEmphasis	196.0
log-sigma-5-0-mm-3D	glszm	LargeAreaHighGrayLevelEmphasis	196.0
log-sigma-5-0-mm-3D	glszm	LargeAreaLowGrayLevelEmphasis	196.0
log-sigma-5-0-mm-3D	glszm	LowGrayLevelZoneEmphasis	1.0
log-sigma-5-0-mm-3D	glszm	SizeZoneNonUniformity	1.0
log-sigma-5-0-mm-3D	glszm	SizeZoneNonUniformityNormalized	1.0
log-sigma-5-0-mm-3D	glszm	SmallAreaEmphasis	0.00510204081632653
log-sigma-5-0-mm-3D	glszm	SmallAreaHighGrayLevelEmphasis	0.00510204081632653
log-sigma-5-0-mm-3D	glszm	SmallAreaLowGrayLevelEmphasis	0.00510204081632653
log-sigma-5-0-mm-3D	glszm	ZoneEntropy	-3.203426503814917e-16
log-sigma-5-0-mm-3D	glszm	ZonePercentage	0.07142857142857142
log-sigma-5-0-mm-3D	glszm	ZoneVariance	0.0
log-sigma-5-0-mm-3D	gldm	DependenceEntropy	2.0741647430225734
log-sigma-5-0-mm-3D	gldm	DependenceNonUniformity	3.857142857142857
log-sigma-5-0-mm-3D	gldm	DependenceNonUniformityNormalized	0.2755102040816326
log-sigma-5-0-mm-3D	gldm	DependenceVariance	2.571428571428571
log-sigma-5-0-mm-3D	gldm	GrayLevelNonUniformity	14.0
log-sigma-5-0-mm-3D	gldm	GrayLevelVariance	0.0
log-sigma-5-0-mm-3D	gldm	HighGrayLevelEmphasis	1.0
log-sigma-5-0-mm-3D	gldm	LargeDependenceEmphasis	38.57142857142857
log-sigma-5-0-mm-3D	gldm	LargeDependenceHighGrayLevelEmphasis	38.57142857142857
log-sigma-5-0-mm-3D	gldm	LargeDependenceLowGrayLevelEmphasis	38.57142857142857
log-sigma-5-0-mm-3D	gldm	LowGrayLevelEmphasis	1.0
log-sigma-5-0-mm-3D	gldm	SmallDependenceEmphasis	0.03389164462081129
log-sigma-5-0-mm-3D	gldm	SmallDependenceHighGrayLevelEmphasis	0.03389164462081129
log-sigma-5-0-mm-3D	gldm	SmallDependenceLowGrayLevelEmphasis	0.03389164462081129
log-sigma-5-0-mm-3D	ngtdm	Busyness	0.0
log-sigma-5-0-mm-3D	ngtdm	Coarseness	1000000.0
log-sigma-5-0-mm-3D	ngtdm	Complexity	0.0
log-sigma-5-0-mm-3D	ngtdm	Contrast	0.0
log-sigma-5-0-mm-3D	ngtdm	Strength	0.0
wavelet-LLH	firstorder	10Percentile	-119.32469579043111
wavelet-LLH	firstorder	90Percentile	-2.9681039670686555
wavelet-LLH	firstorder	Energy	721580.7776293725
wavelet-LLH	firstorder	Entropy	2.7534343861887827
wavelet-LLH	firstorder	InterquartileRange	35.87493023999403
wavelet-LLH	firstorder	Kurtosis	3.0043525320392033
wavelet-LLH	firstorder	Maximum	26.026102759168218
wavelet-LLH	firstorder	MeanAbsoluteDeviation	36.660877748097604
wavelet-LLH	firstorder	Mean	-78.13496391863195
wavelet-LLH	firstorder	Median	-90.66830140262482
wavelet-LLH	firstorder	Minimum	-157.68398286687653
wavelet-LLH	firstorder	Range	183.71008562604476
wavelet-LLH	firstorder	RobustMeanAbsoluteDeviation	17.983524350966928
wavelet-LLH	firstorder	RootMeanSquared	227.0274963883973
wavelet-LLH	firstorder	Skewness	0.7750385087176067
wavelet-LLH	firstorder	TotalEnergy	1398853.963649924
wavelet-LLH	firstorder	Uniformity	0.173469387755102
wavelet-LLH	firstorder	Variance	2317.3898809970137
wavelet-LLH	glcm	Autocorrelation	18.896509740259738
wavelet-LLH	glcm	JointAverage	4.233112373737374
wavelet-LLH	glcm	ClusterProminence	235.51264966059082
wavelet-LLH	glcm	ClusterShade	21.626313652823715
wavelet-LLH	glcm	ClusterTendency	8.882116222196714
wavelet-LLH	glcm	Contrast	5.070842352092352
wavelet-LLH	glcm	Correlation	0.2363215159762931
wavelet-LLH	glcm	DifferenceAverage	1.8051497113997115
wavelet-LLH	glcm	DifferenceEntropy	1.7872015263923478
wavelet-LLH	glcm	DifferenceVariance	1.4848127530588298
wavelet-LLH	glcm	JointEnergy	0.09681349870067402
wavelet-LLH	glcm	JointEntropy	3.576169227525641
wavelet-LLH	glcm	Imc1	-0.6198579566351614
wavelet-LLH	glcm	Imc2	0.978097320937938
wavelet-LLH	glcm	Idm	0.3922663325236855
wavelet-LLH	glcm	Idmn	0.9455945815191756
wavelet-LLH	glcm	Id	0.4596222643097643
wavelet-LLH	glcm	Idn	0.8453223071120799
wavelet-LLH	glcm	InverseVariance	0.4454522156084656
wavelet-LLH	glcm	MaximumProbability	0.17591089466089466
wavelet-LLH	glcm	SumEntropy	2.3744641995073943
wavelet-LLH	glcm	SumSquares	3.4882396435722667
wavelet-LLH	glrlm	GrayLevelNonUniformity	2.043040293040293
wavelet-LLH	glrlm	GrayLevelNonUniformityNormalized	0.15969706423003127
wavelet-LLH	glrlm	GrayLevelVariance	4.755338525942921
wavelet-LLH	glrlm	HighGrayLevelRunEmphasis	24.278388278388277
wavelet-LLH	glrlm	LongRunEmphasis	1.3076923076923077
wavelet-LLH	glrlm	LongRunHighGrayLevelEmphasis	27.047619047619047
wavelet-LLH	glrlm	LongRunLowGrayLevelEmphasis	0.18169457728485505
wavelet-LLH	glrlm	LowGrayLevelRunEmphasis	0.14750654309682087
wavelet-LLH	glrlm	RunEntropy	2.872799575990782
wavelet-LLH	glrlm	RunLengthNonUniformity	10.621794871794872
wavelet-LLH	glrlm	RunLengthNonUniformityNormalized	0.8256081525312295
wavelet-LLH	glrlm	RunPercentage	0.9107142857142858
wavelet-LLH	glrlm	RunVariance	0.08719592373438528
wavelet-LLH	glrlm	ShortRunEmphasis	0.9230769230769231
wavelet-LLH	glrlm	ShortRunHighGrayLevelEmphasis	23.586080586080584
wavelet-LLH	glrlm	ShortRunLowGrayLevelEmphasis	0.13895953454981236
wavelet-LLH	glszm	GrayLevelNonUniformity	1.7272727272727273
wavelet-LLH	glszm	GrayLevelNonUniformityNormalized	0.15702479338842976
wavelet-LLH	glszm	GrayLevelVariance	5.140495867768594
wavelet-LLH	glszm	HighGrayLevelZoneEmphasis	26.636363636363637
wavelet-LLH	glszm	LargeAreaEmphasis	2.3636363636363638
wavelet-LLH	glszm	LargeAreaHighGrayLevelEmphasis	38.90909090909091
wavelet-LLH	glszm	LargeAreaLowGrayLevelEmphasis	0.3046387485970819
wavelet-LLH	glszm	LowGrayLevelZoneEmphasis	0.15312359708193043
wavelet-LLH	glszm	SizeZoneNonUniformity	9.181818181818182
wavelet-LLH	glszm	SizeZoneNonUniformityNormalized	0.8347107438016529
wavelet-LLH	glszm	SmallAreaEmphasis	0.9147727272727273
wavelet-LLH	glszm	SmallAreaHighGrayLevelEmphasis	25.869318181818183
wavelet-LLH	glszm	SmallAreaLowGrayLevelEmphasis	0.14365390011223345
wavelet-LLH	glszm	ZoneEntropy	2.8453509366224337
wavelet-LLH	glszm	ZonePercentage	0.7857142857142857
wavelet-LLH	glszm	ZoneVariance	0.7438016528925621
wavelet-LLH	gldm	DependenceEntropy	3.039148671903068
wavelet-LLH	gldm	DependenceNonUniformity	7.714285714285714
wavelet-LLH	gldm	DependenceNonUniformityNormalized	0.5510204081632653
wavelet-LLH	gldm	DependenceVariance	1.3469387755102038
wavelet-LLH	gldm	GrayLevelNonUniformity	2.4285714285714284
wavelet-LLH	gldm	GrayLevelVariance	4.489795918367347
wavelet-LLH	gldm	HighGrayLevelEmphasis	22.857142857142858
wavelet-LLH	gldm	LargeDependenceEmphasis	4.285714285714286
wavelet-LLH	gldm	LargeDependenceHighGrayLevelEmphasis	52.42857142857143
wavelet-LLH	gldm	LargeDependenceLowGrayLevelEmphasis	0.5092002865961199
wavelet-LLH	gldm	LowGrayLevelEmphasis	0.14412092151675485
wavelet-LLH	gldm	SmallDependenceEmphasis	0.7390873015873015
wavelet-LLH	gldm	SmallDependenceHighGrayLevelEmphasis	20.508928571428573
wavelet-LLH	gldm	SmallDependenceLowGrayLevelEmphasis	0.11513062169312169
wavelet-LLH	ngtdm	Busyness	0.11026785714285711
wavelet-LLH	ngtdm	Coarseness	0.4534412955465588
wavelet-LLH	ngtdm	Complexity	30.63
wavelet-LLH	ngtdm	Contrast	0.19585589337775922
wavelet-LLH	ngtdm	Strength	10.893901420217206
wavelet-LHL	firstorder	10Percentile	-9.462566006946155
wavelet-LHL	firstorder	90Percentile	15.993508780285469
wavelet-LHL	firstorder	Energy	1296514.2354316995
wavelet-LHL	firstorder	Entropy	0.9402859586706304
wavelet-LHL	firstorder	InterquartileRange	13.080394522627323
wavelet-LHL	firstorder	Kurtosis	2.236928229772269
wavelet-LHL	firstorder	Maximum	20.62934129479544
wavelet-LHL	firstorder	MeanAbsoluteDeviation	8.267039637352962
wavelet-LHL	firstorder	Mean	4.152963407601399
wavelet-LHL	firstorder	Median	6.372798524304395
wavelet-LHL	firstorder	Minimum	-14.7578783308225
wavelet-LHL	firstorder	Range	35.387219625617945
wavelet-LHL	firstorder	RobustMeanAbsoluteDeviation	5.0468696218004405
wavelet-LHL	firstorder	RootMeanSquared	304.3158879744743
wavelet-LHL	firstorder	Skewness	-0.29638210861097936
wavelet-LHL	firstorder	TotalEnergy	2513417.9476351365
wavelet-LHL	firstorder	Uniformity	0.5408163265306123
wavelet-LHL	firstorder	Variance	99.13452406712052
wavelet-LHL	glcm	Autocorrelation	2.882530663780664
wavelet-LHL	glcm	JointAverage	1.6719426406926408
wavelet-LHL	glcm	ClusterProminence	0.6789926084799736
wavelet-LHL	glcm	ClusterShade	-0.2844296798075365
wavelet-LHL	glcm	ClusterTendency	0.6110264870410973
wavelet-LHL	glcm	Contrast	0.2665945165945166
wavelet-LHL	glcm	Correlation	0.3678571428571425
wavelet-LHL	glcm	DifferenceAverage	0.2665945165945166
wavelet-LHL	glcm	DifferenceEntropy	0.6486958947913265
wavelet-LHL	glcm	DifferenceVariance	0.15402114319863236
wavelet-LHL	glcm	JointEnergy	0.40716835498356063
wavelet-LHL	glcm	JointEntropy	1.4692330250986196
wavelet-LHL	glcm	Imc1	-0.3745965332477981
wavelet-LHL	glcm	Imc2	0.6067291552243511
wavelet-LHL	glcm	Idm	0.8667027417027416
wavelet-LHL	glcm	Idmn	0.9466810966810966
wavelet-LHL	glcm	Id	0.8667027417027416
wavelet-LHL	glcm	Idn	0.9111351611351611
wavelet-LHL	glcm	InverseVariance	0.2665945165945166
wavelet-LHL	glcm	MaximumProbability	0.5386453823953824
wavelet-LHL	glcm	SumEntropy	1.2026385085041031
wavelet-LHL	glcm	SumSquares	0.2194052509089035
wavelet-LHL	glrlm	GrayLevelNonUniformity	3.862554112554113
wavelet-LHL	glrlm	GrayLevelNonUniformityNormalized	0.5174729671482918
wavelet-LHL	glrlm	GrayLevelVariance	0.24126351642585409
wavelet-LHL	glrlm	HighGrayLevelRunEmphasis	2.712662337662338
wavelet-LHL	glrlm	LongRunEmphasis	4.68073593073593
wavelet-LHL	glrlm	LongRunHighGrayLevelEmphasis	14.667748917748918
wavelet-LHL	glrlm	LongRunLowGrayLevelEmphasis	2.183982683982684
wavelet-LHL	glrlm	LowGrayLevelRunEmphasis	0.5718344155844155
wavelet-LHL	glrlm	RunEntropy	2.0696673605840434
wavelet-LHL	glrlm	RunLengthNonUniformity	3.3495670995671
wavelet-LHL	glrlm	RunLengthNonUniformityNormalized	0.41811669571409826
wavelet-LHL	glrlm	RunPercentage	0.5357142857142857
wavelet-LHL	glrlm	RunVariance	0.5535550308277581
wavelet-LHL	glrlm	ShortRunEmphasis	0.4615537818662819
wavelet-LHL	glrlm	ShortRunHighGrayLevelEmphasis	1.111952861952862
wavelet-LHL	glrlm	ShortRunLowGrayLevelEmphasis	0.2989540118446369
wavelet-LHL	glszm	GrayLevelNonUniformity	1.0
wavelet-LHL	glszm	GrayLevelNonUniformityNormalized	0.5
wavelet-LHL	glszm	GrayLevelVariance	0.25
wavelet-LHL	glszm	HighGrayLevelZoneEmphasis	2.5
wavelet-LHL	glszm	LargeAreaEmphasis	53.0
wavelet-LHL	glszm	LargeAreaHighGrayLevelEmphasis	174.5
wavelet-LHL	glszm	LargeAreaLowGrayLevelEmphasis	22.625
wavelet-LHL	glszm	LowGrayLevelZoneEmphasis	0.625
wavelet-LHL	glszm	SizeZoneNonUniformity	1.0
wavelet-LHL	glszm	SizeZoneNonUniformityNormalized	0.5
wavelet-LHL	glszm	SmallAreaEmphasis	0.02617283950617284
wavelet-LHL	glszm	SmallAreaHighGrayLevelEmphasis	0.04469135802469136
wavelet-LHL	glszm	SmallAreaLowGrayLevelEmphasis	0.02154320987654321
wavelet-LHL	glszm	ZoneEntropy	0.9999999999999993
wavelet-LHL	glszm	ZonePercentage	0.14285714285714285
wavelet-LHL	glszm	ZoneVariance	4.0
wavelet-LHL	gldm	DependenceEntropy	2.8962915290459255
wavelet-LHL	gldm	DependenceNonUniformity	3.142857142857143
wavelet-LHL	gldm	DependenceNonUniformityNormalized	0.22448979591836735
wavelet-LHL	gldm	DependenceVariance	1.9183673469387754
wavelet-LHL	gldm	GrayLevelNonUniformity	7.571428571428571
wavelet-LHL	gldm	GrayLevelVariance	0.22959183673469388
wavelet-LHL	gldm	HighGrayLevelEmphasis	2.9285714285714284
wavelet-LHL	gldm	LargeDependenceEmphasis	24.142857142857142
wavelet-LHL	gldm	LargeDependenceHighGrayLevelEmphasis	80.5
wavelet-LHL	gldm	LargeDependenceLowGrayLevelEmphasis	10.053571428571429
wavelet-LHL	gldm	LowGrayLevelEmphasis	0.5178571428571429
wavelet-LHL	gldm	SmallDependenceEmphasis	0.05730654761904762
wavelet-LHL	gldm	SmallDependenceHighGrayLevelEmphasis	0.14625
wavelet-LHL	gldm	SmallDependenceLowGrayLevelEmphasis	0.03507068452380952
wavelet-LHL	ngtdm	Busyness	0.8772893772893773
wavelet-LHL	ngtdm	Coarseness	0.6137787056367432
wavelet-LHL	ngtdm	Complexity	0.23275024295432462
wavelet-LHL	ngtdm	Contrast	0.05513327780091629
wavelet-LHL	ngtdm	Strength	0.5949008498583569
wavelet-LHH	firstorder	10Percentile	-15.335213369211248
wavelet-LHH	firstorder	90Percentile	12.362673639870366
wavelet-LHH	firstorder	Energy	1230963.3714682695
wavelet-LHH	firstorder	Entropy	0.8631205685666303
wavelet-LHH	firstorder	InterquartileRange	12.288984432225309
wavelet-LHH	firstorder	Kurtosis	2.209388921092158
wavelet-LHH	firstorder	Maximum	14.81577439303611
wavelet-LHH	firstorder	MeanAbsoluteDeviation	8.475557501660234
wavelet-LHH	firstorder	Mean	-3.6689394054995352
wavelet-LHH	firstorder	Median	-6.164075933740097
wavelet-LHH	firstorder	Minimum	-22.240933400501444
wavelet-LHH	firstorder	Range	37.056707793537555
wavelet-LHH	firstorder	RobustMeanAbsoluteDeviation	5.182748613491751
wavelet-LHH	firstorder	RootMeanSquared	296.5231105746673
wavelet-LHH	firstorder	Skewness	0.2893366652232746
wavelet-LHH	firstorder	TotalEnergy	2386341.2727586627
wavelet-LHH	firstorder	Uniformity	0.5918367346938775
wavelet-LHH	firstorder	Variance	113.85763181487957
wavelet-LHH	glcm	Autocorrelation	1.4761453823953823
wavelet-LHH	glcm	JointAverage	1.2128201659451658
wavelet-LHH	glcm	ClusterProminence	0.35055473027781203
wavelet-LHH	glcm	ClusterShade	0.20286112263615608
wavelet-LHH	glcm	ClusterTendency	0.34454020694212795
wavelet-LHH	glcm	Contrast	0.3246302308802309
wavelet-LHH	glcm	Correlation	0.01929394135276484
wavelet-LHH	glcm	DifferenceAverage	0.3246302308802309
wavelet-LHH	glcm	DifferenceEntropy	0.8873043955225677
wavelet-LHH	glcm	DifferenceVariance	0.21261489319863236
wavelet-LHH	glcm	JointEnergy	0.45279988789018816
wavelet-LHH	glcm	JointEntropy	1.4258120098907026
wavelet-LHH	glcm	Imc1	-0.08854290706282912
wavelet-LHH	glcm	Imc2	0.34541677761179673
wavelet-LHH	glcm	Idm	0.8376848845598845
wavelet-LHH	glcm	Idmn	0.9350739538239539
wavelet-LHH	glcm	Id	0.8376848845598845
wavelet-LHH	glcm	Idn	0.8917899230399229
wavelet-LHH	glcm	InverseVariance	0.3246302308802309
wavelet-LHH	glcm	MaximumProbability	0.6248647186147186
wavelet-LHH	glcm	SumEntropy	1.1011817790104719
wavelet-LHH	glcm	SumSquares	0.1672926094555897
wavelet-LHH	glrlm	GrayLevelNonUniformity	4.0817460317460315
wavelet-LHH	glrlm	GrayLevelNonUniformityNormalized	0.5090942302847065
wavelet-LHH	glrlm	GrayLevelVariance	0.24545288485764677
wavelet-LHH	glrlm	HighGrayLevelRunEmphasis	2.329761904761905
wavelet-LHH	glrlm	LongRunEmphasis	4.22063492063492
wavelet-LHH	glrlm	LongRunHighGrayLevelEmphasis	6.246825396825397
wavelet-LHH	glrlm	LongRunLowGrayLevelEmphasis	3.7140873015873015
wavelet-LHH	glrlm	LowGrayLevelRunEmphasis	0.6675595238095238
wavelet-LHH	glrlm	RunEntropy	1.8067569154913934
wavelet-LHH	glrlm	RunLengthNonUniformity	3.5460317460317463
wavelet-LHH	glrlm	RunLengthNonUniformityNormalized	0.42661123708742754
wavelet-LHH	glrlm	RunPercentage	0.5714285714285714
wavelet-LHH	glrlm	RunVariance	0.7645855379188711
wavelet-LHH	glrlm	ShortRunEmphasis	0.5703097442680776
wavelet-LHH	glrlm	ShortRunHighGrayLevelEmphasis	1.7259645061728395
wavelet-LHH	glrlm	ShortRunLowGrayLevelEmphasis	0.28139605379188715
wavelet-LHH	glszm	GrayLevelNonUniformity	1.6666666666666667
wavelet-LHH	glszm	GrayLevelNonUniformityNormalized	0.5555555555555556
wavelet-LHH	glszm	GrayLevelVariance	0.2222222222222222
wavelet-LHH	glszm	HighGrayLevelZoneEmphasis	3.0
wavelet-LHH	glszm	LargeAreaEmphasis	36.0
wavelet-LHH	glszm	LargeAreaHighGrayLevelEmphasis	44.0
wavelet-LHH	glszm	LargeAreaLowGrayLevelEmphasis	34.0
wavelet-LHH	glszm	LowGrayLevelZoneEmphasis	0.5
wavelet-LHH	glszm	SizeZoneNonUniformity	1.6666666666666667
wavelet-LHH	glszm	SizeZoneNonUniformityNormalized	0.5555555555555556
wavelet-LHH	glszm	SmallAreaEmphasis	0.17
wavelet-LHH	glszm	SmallAreaHighGrayLevelEmphasis	0.6699999999999999
wavelet-LHH	glszm	SmallAreaLowGrayLevelEmphasis	0.045000000000000005
wavelet-LHH	glszm	ZoneEntropy	0.9182958340544889
wavelet-LHH	glszm	ZonePercentage	0.21428571428571427
wavelet-LHH	glszm	ZoneVariance	14.222222222222221
wavelet-LHH	gldm	DependenceEntropy	2.3248629576173547
wavelet-LHH	gldm	DependenceNonUniformity	3.142857142857143
wavelet-LHH	gldm	DependenceNonUniformityNormalized	0.22448979591836735
wavelet-LHH	gldm	DependenceVariance	3.6734693877551012
wavelet-LHH	gldm	GrayLevelNonUniformity	8.285714285714286
wavelet-LHH	gldm	GrayLevelVariance	0.20408163265306123
wavelet-LHH	gldm	HighGrayLevelEmphasis	1.8571428571428572
wavelet-LHH	gldm	LargeDependenceEmphasis	23.285714285714285
wavelet-LHH	gldm	LargeDependenceHighGrayLevelEmphasis	26.714285714285715
wavelet-LHH	gldm	LargeDependenceLowGrayLevelEmphasis	22.428571428571427
wavelet-LHH	gldm	LowGrayLevelEmphasis	0.7857142857142857
wavelet-LHH	gldm	SmallDependenceEmphasis	0.1006690354713314
wavelet-LHH	gldm	SmallDependenceHighGrayLevelEmphasis	0.3149547497570456
wavelet-LHH	gldm	SmallDependenceLowGrayLevelEmphasis	0.04709760689990282
wavelet-LHH	ngtdm	Busyness	7.660119047619045
wavelet-LHH	ngtdm	Coarseness	0.45691195897117104
wavelet-LHH	ngtdm	Complexity	0.3126579203109815
wavelet-LHH	ngtdm	Contrast	0.06988407607941136
wavelet-LHH	ngtdm	Strength	0.417184007946362
wavelet-HLL	firstorder	10Percentile	7.750728261108219
wavelet-HLL	firstorder	90Percentile	35.948612573999554
wavelet-HLL	firstorder	Energy	1466719.3702072564
wavelet-HLL	firstorder	Entropy	0.9852281360342509
wavelet-HLL	firstorder	InterquartileRange	12.394411030265942
wavelet-HLL	firstorder	Kurtosis	2.3002379525620986
wavelet-HLL	firstorder	Maximum	38.51240254652962
wavelet-HLL	firstorder	MeanAbsoluteDeviation	8.88475988773694
wavelet-HLL	firstorder	Mean	23.503573976883413
wavelet-HLL	firstorder	Median	27.046736113254006
wavelet-HLL	firstorder	Minimum	2.854608469409637
wavelet-HLL	firstorder	Range	35.65779407711999
wavelet-HLL	firstorder	RobustMeanAbsoluteDeviation	5.536130456478529
wavelet-HLL	firstorder	RootMeanSquared	323.67525283919736
wavelet-HLL	firstorder	Skewness	-0.5240279845122389
wavelet-HLL	firstorder	TotalEnergy	2843377.024700032
wavelet-HLL	firstorder	Uniformity	0.510204081632653
wavelet-HLL	firstorder	Variance	111.10692470141275
wavelet-HLL	glcm	Autocorrelation	2.556908369408369
wavelet-HLL	glcm	JointAverage	1.5996121933621934
wavelet-HLL	glcm	ClusterProminence	0.4885747840990041
wavelet-HLL	glcm	ClusterShade	-0.11219190991661551
wavelet-HLL	glcm	ClusterTendency	0.4748063960049891
wavelet-HLL	glcm	Contrast	0.4838564213564213
wavelet-HLL	glcm	Correlation	-0.004066766566766661
wavelet-HLL	glcm	DifferenceAverage	0.4838564213564213
wavelet-HLL	glcm	DifferenceEntropy	0.8098444748755291
wavelet-HLL	glcm	DifferenceVariance	0.1888024168191917
wavelet-HLL	glcm	JointEnergy	0.33186617450010303
wavelet-HLL	glcm	JointEntropy	1.7295568340232257
wavelet-HLL	glcm	Imc1	-0.21522943982177303
wavelet-HLL	glcm	Imc2	0.5057651489303485
wavelet-HLL	glcm	Idm	0.7580717893217893
wavelet-HLL	glcm	Idmn	0.9032287157287157
wavelet-HLL	glcm	Id	0.7580717893217893
wavelet-HLL	glcm	Idn	0.8387145262145261
wavelet-HLL	glcm	InverseVariance	0.4838564213564213
wavelet-HLL	glcm	MaximumProbability	0.42911255411255406
wavelet-HLL	glcm	SumEntropy	1.2457004126668045
wavelet-HLL	glcm	SumSquares	0.23966570434035261
wavelet-HLL	glrlm	GrayLevelNonUniformity	4.634615384615385
wavelet-HLL	glrlm	GrayLevelNonUniformityNormalized	0.5007396449704142
wavelet-HLL	glrlm	GrayLevelVariance	0.24963017751479288
wavelet-HLL	glrlm	HighGrayLevelRunEmphasis	2.5288461538461537
wavelet-HLL	glrlm	LongRunEmphasis	3.2118589743589743
wavelet-HLL	glrlm	LongRunHighGrayLevelEmphasis	9.46378205128205
wavelet-HLL	glrlm	LongRunLowGrayLevelEmphasis	1.648878205128205
wavelet-HLL	glrlm	LowGrayLevelRunEmphasis	0.6177884615384616
wavelet-HLL	glrlm	RunEntropy	1.6549769371011087
wavelet-HLL	glrlm	RunLengthNonUniformity	5.671794871794872
wavelet-HLL	glrlm	RunLengthNonUniformityNormalized	0.5771359303090072
wavelet-HLL	glrlm	RunPercentage	0.6607142857142857
wavelet-HLL	glrlm	RunVariance	0.3051820348454964
wavelet-HLL	glrlm	ShortRunEmphasis	0.6090722934472934
wavelet-HLL	glrlm	ShortRunHighGrayLevelEmphasis	1.4432603276353277
wavelet-HLL	glrlm	ShortRunLowGrayLevelEmphasis	0.40052528490028494
wavelet-HLL	glszm	GrayLevelNonUniformity	1.6666666666666667
wavelet-HLL	glszm	GrayLevelNonUniformityNormalized	0.5555555555555556
wavelet-HLL	glszm	GrayLevelVariance	0.2222222222222222
wavelet-HLL	glszm	HighGrayLevelZoneEmphasis	2.0
wavelet-HLL	glszm	LargeAreaEmphasis	28.0
wavelet-HLL	glszm	LargeAreaHighGrayLevelEmphasis	92.0
wavelet-HLL	glszm	LargeAreaLowGrayLevelEmphasis	12.0
wavelet-HLL	glszm	LowGrayLevelZoneEmphasis	0.75
wavelet-HLL	glszm	SizeZoneNonUniformity	1.0
wavelet-HLL	glszm	SizeZoneNonUniformityNormalized	0.3333333333333333
wavelet-HLL	glszm	SmallAreaEmphasis	0.109375
wavelet-HLL	glszm	SmallAreaHighGrayLevelEmphasis	0.125
wavelet-HLL	glszm	SmallAreaLowGrayLevelEmphasis	0.10546875
wavelet-HLL	glszm	ZoneEntropy	1.5849625007211552
wavelet-HLL	glszm	ZonePercentage	0.21428571428571427
wavelet-HLL	glszm	ZoneVariance	6.222222222222221
wavelet-HLL	gldm	DependenceEntropy	2.664497779200459
wavelet-HLL	gldm	DependenceNonUniformity	3.857142857142857
wavelet-HLL	gldm	DependenceNonUniformityNormalized	0.2755102040816326
wavelet-HLL	gldm	DependenceVariance	1.3469387755102038
wavelet-HLL	gldm	GrayLevelNonUniformity	7.142857142857143
wavelet-HLL	gldm	GrayLevelVariance	0.24489795918367346
wavelet-HLL	gldm	HighGrayLevelEmphasis	2.7142857142857144
wavelet-HLL	gldm	LargeDependenceEmphasis	15.142857142857142
wavelet-HLL	gldm	LargeDependenceHighGrayLevelEmphasis	48.142857142857146
wavelet-HLL	gldm	LargeDependenceLowGrayLevelEmphasis	6.892857142857143
wavelet-HLL	gldm	LowGrayLevelEmphasis	0.5714285714285714
wavelet-HLL	gldm	SmallDependenceEmphasis	0.10392857142857144
wavelet-HLL	gldm	SmallDependenceHighGrayLevelEmphasis	0.2341666666666667
wavelet-HLL	gldm	SmallDependenceLowGrayLevelEmphasis	0.07136904761904762
wavelet-HLL	ngtdm	Busyness	2.193095238095238
wavelet-HLL	ngtdm	Coarseness	0.31918358484420806
wavelet-HLL	ngtdm	Complexity	0.4475704567541302
wavelet-HLL	ngtdm	Contrast	0.11072469804248229
wavelet-HLL	ngtdm	Strength	0.3159676509309761
wavelet-HLH	firstorder	10Percentile	2.941008869068958
wavelet-HLH	firstorder	90Percentile	22.990907467446103
wavelet-HLH	firstorder	Energy	1378583.2298477306
wavelet-HLH	firstorder	Entropy	0.7345299214394694
wavelet-HLH	firstorder	InterquartileRange	13.880516031364326
wavelet-HLH	firstorder	Kurtosis	3.7246118335157266
wavelet-HLH	firstorder	Maximum	40.72019747212344
wavelet-HLH	firstorder	MeanAbsoluteDeviation	8.2637485111532
wavelet-HLH	firstorder	Mean	13.62202829911007
wavelet-HLH	firstorder	Median	12.692869389735419
wavelet-HLH	firstorder	Minimum	-2.0170105556922873
wavelet-HLH	firstorder	Range	42.737208027815726
wavelet-HLH	firstorder	RobustMeanAbsoluteDeviation	5.058790962258099
wavelet-HLH	firstorder	RootMeanSquared	313.7996665125846
wavelet-HLH	firstorder	Skewness	0.8887914638846984
wavelet-HLH	firstorder	TotalEnergy	2672516.6122486703
wavelet-HLH	firstorder	Uniformity	0.7448979591836733
wavelet-HLH	firstorder	Variance	111.45406896153828
wavelet-HLH	glcm	Autocorrelation	4.1269841269841265
wavelet-HLH	glcm	JointAverage	2.0317460317460316
wavelet-HLH	glcm	ClusterProminence	0.20436765788464675
wavelet-HLH	glcm	ClusterShade	0.022551760269069448
wavelet-HLH	glcm	ClusterTendency	0.21881370393275157
wavelet-HLH	glcm	Contrast	0.22700216450216448
wavelet-HLH	glcm	Correlation	-0.023947750362844626
wavelet-HLH	glcm	DifferenceAverage	0.22700216450216448
wavelet-HLH	glcm	DifferenceEntropy	0.7513212931837472
wavelet-HLH	glcm	DifferenceVariance	0.17023288309814283
wavelet-HLH	glcm	JointEnergy	0.6190043878930513
wavelet-HLH	glcm	JointEntropy	1.1628026559783304
wavelet-HLH	glcm	Imc1	-0.036274175718854294
wavelet-HLH	glcm	Imc2	0.20369452264556104
wavelet-HLH	glcm	Idm	0.8864989177489178
wavelet-HLH	glcm	Idmn	0.9772997835497836
wavelet-HLH	glcm	Id	0.8864989177489178
wavelet-HLH	glcm	Idn	0.9432494588744588
wavelet-HLH	glcm	InverseVariance	0.22700216450216448
wavelet-HLH	glcm	MaximumProbability	0.7729978354978354
wavelet-HLH	glcm	SumEntropy	0.9358004914761666
wavelet-HLH	glcm	SumSquares	0.11145396710872901
wavelet-HLH	glrlm	GrayLevelNonUniformity	4.1125
wavelet-HLH	glrlm	GrayLevelNonUniformityNormalized	0.5553125
wavelet-HLH	glrlm	GrayLevelVariance	0.2875
wavelet-HLH	glrlm	HighGrayLevelRunEmphasis	4.2875
wavelet-HLH	glrlm	LongRunEmphasis	5.375
wavelet-HLH	glrlm	LongRunHighGrayLevelEmphasis	21.7875
wavelet-HLH	glrlm	LongRunLowGrayLevelEmphasis	1.4315972222222224
wavelet-HLH	glrlm	LowGrayLevelRunEmphasis	0.3378472222222222
wavelet-HLH	glrlm	RunEntropy	1.9205571797284489
wavelet-HLH	glrlm	RunLengthNonUniformity	3.2125
wavelet-HLH	glrlm	RunLengthNonUniformityNormalized	0.4503125
wavelet-HLH	glrlm	RunPercentage	0.5178571428571428
wavelet-HLH	glrlm	RunVariance	1.118125
wavelet-HLH	glrlm	ShortRunEmphasis	0.5711805555555555
wavelet-HLH	glrlm	ShortRunHighGrayLevelEmphasis	2.572222222222222
wavelet-HLH	glrlm	ShortRunLowGrayLevelEmphasis	0.23064236111111114
wavelet-HLH	glszm	GrayLevelNonUniformity	1.0
wavelet-HLH	glszm	GrayLevelNonUniformityNormalized	0.3333333333333333
wavelet-HLH	glszm	GrayLevelVariance	0.6666666666666666
wavelet-HLH	glszm	HighGrayLevelZoneEmphasis	4.666666666666667
wavelet-HLH	glszm	LargeAreaEmphasis	48.666666666666664
wavelet-HLH	glszm	LargeAreaHighGrayLevelEmphasis	195.33333333333334
wavelet-HLH	glszm	LargeAreaLowGrayLevelEmphasis	12.370370370370372
wavelet-HLH	glszm	LowGrayLevelZoneEmphasis	0.4537037037037037
wavelet-HLH	glszm	SizeZoneNonUniformity	1.6666666666666667
wavelet-HLH	glszm	SizeZoneNonUniformityNormalized	0.5555555555555556
wavelet-HLH	glszm	SmallAreaEmphasis	0.6689814814814815
wavelet-HLH	glszm	SmallAreaHighGrayLevelEmphasis	3.342592592592593
wavelet-HLH	glszm	SmallAreaLowGrayLevelEmphasis	0.3709490740740741
wavelet-HLH	glszm	ZoneEntropy	1.5849625007211552
wavelet-HLH	glszm	ZonePercentage	0.21428571428571427
wavelet-HLH	glszm	ZoneVariance	26.888888888888886
wavelet-HLH	gldm	DependenceEntropy	2.9502120649147443
wavelet-HLH	gldm	DependenceNonUniformity	2.2857142857142856
wavelet-HLH	gldm	DependenceNonUniformityNormalized	0.16326530612244897
wavelet-HLH	gldm	DependenceVariance	5.122448979591836
wavelet-HLH	gldm	GrayLevelNonUniformity	10.428571428571429
wavelet-HLH	gldm	GrayLevelVariance	0.14285714285714285
wavelet-HLH	gldm	HighGrayLevelEmphasis	4.142857142857143
wavelet-HLH	gldm	LargeDependenceEmphasis	28.714285714285715
wavelet-HLH	gldm	LargeDependenceHighGrayLevelEmphasis	115.0
wavelet-HLH	gldm	LargeDependenceLowGrayLevelEmphasis	7.222222222222222
wavelet-HLH	gldm	LowGrayLevelEmphasis	0.2936507936507936
wavelet-HLH	gldm	SmallDependenceEmphasis	0.18204690143253072
wavelet-HLH	gldm	SmallDependenceHighGrayLevelEmphasis	0.8710447485872655
wavelet-HLH	gldm	SmallDependenceLowGrayLevelEmphasis	0.08916251900892633
wavelet-HLH	ngtdm	Busyness	0.2545031055900622
wavelet-HLH	ngtdm	Coarseness	0.5979255643685173
wavelet-HLH	ngtdm	Complexity	0.7783359497645214
wavelet-HLH	ngtdm	Contrast	0.0128725299643667
wavelet-HLH	ngtdm	Strength	1.283422459893048
wavelet-HHL	firstorder	10Percentile	-6.266892521026984
wavelet-HHL	firstorder	90Percentile	2.049586845817559
wavelet-HHL	firstorder	Energy	1245179.109155837
wavelet-HHL	firstorder	Entropy	0.9852281360342509
wavelet-HHL	firstorder	InterquartileRange	4.643557132981972
wavelet-HHL	firstorder	Kurtosis	3.2219338632130006
wavelet-HHL	firstorder	Maximum	2.660152321275501
wavelet-HHL	firstorder	MeanAbsoluteDeviation	2.849574591617856
wavelet-HHL	firstorder	Mean	-1.7920623684084036
wavelet-HHL	firstorder	Median	-1.7746884724982506
wavelet-HHL	firstorder	Minimum	-10.699876694700537
wavelet-HHL	firstorder	Range	13.360029015976037
wavelet-HHL	firstorder	RobustMeanAbsoluteDeviation	1.8000910085739517
wavelet-HHL	firstorder	RootMeanSquared	298.2303890278498
wavelet-HHL	firstorder	Skewness	-0.9142470028459264
wavelet-HHL	firstorder	TotalEnergy	2413899.8519599997
wavelet-HHL	firstorder	Uniformity	0.510204081632653
wavelet-HHL	firstorder	Variance	13.390873215407625
wavelet-HHL	glcm	Autocorrelation	2.1156655844155843
wavelet-HHL	glcm	JointAverage	1.465615981240981
wavelet-HHL	glcm	ClusterProminence	0.40674155031967507
wavelet-HHL	glcm	ClusterShade	0.018061932959979862
wavelet-HHL	glcm	ClusterTendency	0.41727610800595105
wavelet-HHL	glcm	Contrast	0.5623647186147186
wavelet-HHL	glcm	Correlation	-0.1487026862026861
wavelet-HHL	glcm	DifferenceAverage	0.5623647186147186
wavelet-HHL	glcm	DifferenceEntropy	0.9509045694035858
wavelet-HHL	glcm	DifferenceVariance	0.2332250350208954
wavelet-HHL	glcm	JointEnergy	0.2769545516687697
wavelet-HHL	glcm	JointEntropy	1.9136463673717132
wavelet-HHL	glcm	Imc1	-0.057724896260676624
wavelet-HHL	glcm	Imc2	0.3153798839273665
wavelet-HHL	glcm	Idm	0.7188176406926406
wavelet-HHL	glcm	Idmn	0.8875270562770562
wavelet-HHL	glcm	Id	0.7188176406926406
wavelet-HHL	glcm	Idn	0.8125450937950938
wavelet-HHL	glcm	InverseVariance	0.5623647186147186
wavelet-HHL	glcm	MaximumProbability	0.3280573593073593
wavelet-HHL	glcm	SumEntropy	1.3512816487569947
wavelet-HHL	glcm	SumSquares	0.2449102066551674
wavelet-HHL	glrlm	GrayLevelNonUniformity	5.252525252525253
wavelet-HHL	glrlm	GrayLevelNonUniformityNormalized	0.5118737883889399
wavelet-HHL	glrlm	GrayLevelVariance	0.24406310580553003
wavelet-HHL	glrlm	HighGrayLevelRunEmphasis	2.321969696969697
wavelet-HHL	glrlm	LongRunEmphasis	2.231313131313131
wavelet-HHL	glrlm	LongRunHighGrayLevelEmphasis	4.891919191919192
wavelet-HHL	glrlm	LongRunLowGrayLevelEmphasis	1.566161616161616
wavelet-HHL	glrlm	LowGrayLevelRunEmphasis	0.6695075757575758
wavelet-HHL	glrlm	RunEntropy	1.9381206898804626
wavelet-HHL	glrlm	RunLengthNonUniformity	5.640404040404041
wavelet-HHL	glrlm	RunLengthNonUniformityNormalized	0.5446775839200082
wavelet-HHL	glrlm	RunPercentage	0.7321428571428571
wavelet-HHL	glrlm	RunVariance	0.3264575043362922
wavelet-HHL	glrlm	ShortRunEmphasis	0.7508136924803591
wavelet-HHL	glrlm	ShortRunHighGrayLevelEmphasis	1.7381242985409653
wavelet-HHL	glrlm	ShortRunLowGrayLevelEmphasis	0.5039860409652076
wavelet-HHL	glszm	GrayLevelNonUniformity	1.0
wavelet-HHL	glszm	GrayLevelNonUniformityNormalized	0.5
wavelet-HHL	glszm	GrayLevelVariance	0.25
wavelet-HHL	glszm	HighGrayLevelZoneEmphasis	2.5
wavelet-HHL	glszm	LargeAreaEmphasis	50.0
wavelet-HHL	glszm	LargeAreaHighGrayLevelEmphasis	104.0
wavelet-HHL	glszm	LargeAreaLowGrayLevelEmphasis	36.5
wavelet-HHL	glszm	LowGrayLevelZoneEmphasis	0.625
wavelet-HHL	glszm	SizeZoneNonUniformity	1.0
wavelet-HHL	glszm	SizeZoneNonUniformityNormalized	0.5
wavelet-HHL	glszm	SmallAreaEmphasis	0.021701388888888888
wavelet-HHL	glszm	SmallAreaHighGrayLevelEmphasis	0.06336805555555555
wavelet-HHL	glszm	SmallAreaLowGrayLevelEmphasis	0.011284722222222222
wavelet-HHL	glszm	ZoneEntropy	0.9999999999999993
wavelet-HHL	glszm	ZonePercentage	0.14285714285714285
wavelet-HHL	glszm	ZoneVariance	1.0
wavelet-HHL	gldm	DependenceEntropy	2.4677201004744975
wavelet-HHL	gldm	DependenceNonUniformity	5.0
wavelet-HHL	gldm	DependenceNonUniformityNormalized	0.35714285714285715
wavelet-HHL	gldm	DependenceVariance	0.5510204081632654
wavelet-HHL	gldm	GrayLevelNonUniformity	7.142857142857143
wavelet-HHL	gldm	GrayLevelVariance	0.24489795918367346
wavelet-HHL	gldm	HighGrayLevelEmphasis	2.2857142857142856
wavelet-HHL	gldm	LargeDependenceEmphasis	10.428571428571429
wavelet-HHL	gldm	LargeDependenceHighGrayLevelEmphasis	22.857142857142858
wavelet-HHL	gldm	LargeDependenceLowGrayLevelEmphasis	7.321428571428571
wavelet-HHL	gldm	LowGrayLevelEmphasis	0.6785714285714286
wavelet-HHL	gldm	SmallDependenceEmphasis	0.12351190476190475
wavelet-HHL	gldm	SmallDependenceHighGrayLevelEmphasis	0.30505952380952384
wavelet-HHL	gldm	SmallDependenceLowGrayLevelEmphasis	0.078125
wavelet-HHL	ngtdm	Busyness	6.863095238095238
wavelet-HHL	ngtdm	Coarseness	0.25498699045967044
wavelet-HHL	ngtdm	Complexity	0.5602526724975705
wavelet-HHL	ngtdm	Contrast	0.13652644731361932
wavelet-HHL	ngtdm	Strength	0.25625381330079317
wavelet-HHH	firstorder	10Percentile	-8.037992149339122
wavelet-HHH	firstorder	90Percentile	5.896129396203747
wavelet-HHH	firstorder	Energy	1251437.6992481642
wavelet-HHH	firstorder	Entropy	0.9999999999999993
wavelet-HHH	firstorder	InterquartileRange	9.185699770877784
wavelet-HHH	firstorder	Kurtosis	1.7691550538923826
wavelet-HHH	firstorder	Maximum	8.552649801945837
wavelet-HHH	firstorder	MeanAbsoluteDeviation	4.978722242925045
wavelet-HHH	firstorder	Mean	-1.0728162644022903
wavelet-HHH	firstorder	Median	-1.4343416236027826
wavelet-HHH	firstorder	Minimum	-9.400253302954745
wavelet-HHH	firstorder	Range	17.95290310490058
wavelet-HHH	firstorder	RobustMeanAbsoluteDeviation	3.6573519983080773
wavelet-HHH	firstorder	RootMeanSquared	298.9789408790435
wavelet-HHH	firstorder	Skewness	0.12035376034665542
wavelet-HHH	firstorder	TotalEnergy	2426032.73275302
wavelet-HHH	firstorder	Uniformity	0.5
wavelet-HHH	firstorder	Variance	30.945913058777307
wavelet-HHH	glcm	Autocorrelation	2.311643217893218
wavelet-HHH	glcm	JointAverage	1.529220779220779
wavelet-HHH	glcm	ClusterProminence	0.42893357738081456
wavelet-HHH	glcm	ClusterShade	0.013977083803361493
wavelet-HHH	glcm	ClusterTendency	0.4407936039429546
wavelet-HHH	glcm	Contrast	0.5520382395382395
wavelet-HHH	glcm	Correlation	-0.11527777777777776
wavelet-HHH	glcm	DifferenceAverage	0.5520382395382395
wavelet-HHH	glcm	DifferenceEntropy	0.847014293589159
wavelet-HHH	glcm	DifferenceVariance	0.20119911103406773
wavelet-HHH	glcm	JointEnergy	0.3023849672253352
wavelet-HHH	glcm	JointEntropy	1.8079989390629034
wavelet-HHH	glcm	Imc1	-0.18359638094890704
wavelet-HHH	glcm	Imc2	0.40458968839605325
wavelet-HHH	glcm	Idm	0.7239808802308803
wavelet-HHH	glcm	Idmn	0.889592352092352
wavelet-HHH	glcm	Id	0.7239808802308803
wavelet-HHH	glcm	Idn	0.8159872534872534
wavelet-HHH	glcm	InverseVariance	0.5520382395382395
wavelet-HHH	glcm	MaximumProbability	0.33851911976911975
wavelet-HHH	glcm	SumEntropy	1.2559606995246644
wavelet-HHH	glcm	SumSquares	0.2482079608702985
wavelet-HHH	glrlm	GrayLevelNonUniformity	5.023504273504273
wavelet-HHH	glrlm	GrayLevelNonUniformityNormalized	0.5022828548469574
wavelet-HHH	glrlm	GrayLevelVariance	0.24885857257652128
wavelet-HHH	glrlm	HighGrayLevelRunEmphasis	2.4294871794871797
wavelet-HHH	glrlm	LongRunEmphasis	2.5174145299145296
wavelet-HHH	glrlm	LongRunHighGrayLevelEmphasis	6.517895299145299
wavelet-HHH	glrlm	LongRunLowGrayLevelEmphasis	1.5172943376068377
wavelet-HHH	glrlm	LowGrayLevelRunEmphasis	0.6426282051282051
wavelet-HHH	glrlm	RunEntropy	1.9909620296042059
wavelet-HHH	glrlm	RunLengthNonUniformity	5.8106837606837605
wavelet-HHH	glrlm	RunLengthNonUniformityNormalized	0.546271732778143
wavelet-HHH	glrlm	RunPercentage	0.7142857142857144
wavelet-HHH	glrlm	RunVariance	0.3669104299072248
wavelet-HHH	glrlm	ShortRunEmphasis	0.7209550094966761
wavelet-HHH	glrlm	ShortRunHighGrayLevelEmphasis	1.7044530508072175
wavelet-HHH	glrlm	ShortRunLowGrayLevelEmphasis	0.4750804991690408
wavelet-HHH	glszm	GrayLevelNonUniformity	2.6
wavelet-HHH	glszm	GrayLevelNonUniformityNormalized	0.52
wavelet-HHH	glszm	GrayLevelVariance	0.24
wavelet-HHH	glszm	HighGrayLevelZoneEmphasis	2.2
wavelet-HHH	glszm	LargeAreaEmphasis	12.8
wavelet-HHH	glszm	LargeAreaHighGrayLevelEmphasis	35.0
wavelet-HHH	glszm	LargeAreaLowGrayLevelEmphasis	7.25
wavelet-HHH	glszm	LowGrayLevelZoneEmphasis	0.7
wavelet-HHH	glszm	SizeZoneNonUniformity	2.2
wavelet-HHH	glszm	SizeZoneNonUniformityNormalized	0.44
wavelet-HHH	glszm	SmallAreaEmphasis	0.6135555555555555
wavelet-HHH	glszm	SmallAreaHighGrayLevelEmphasis	1.230222222222222
wavelet-HHH	glszm	SmallAreaLowGrayLevelEmphasis	0.45938888888888896
wavelet-HHH	glszm	ZoneEntropy	1.9219280948873612
wavelet-HHH	glszm	ZonePercentage	0.35714285714285715
wavelet-HHH	glszm	ZoneVariance	4.96
wavelet-HHH	gldm	DependenceEntropy	2.9502120649147443
wavelet-HHH	gldm	DependenceNonUniformity	3.5714285714285716
wavelet-HHH	gldm	DependenceNonUniformityNormalized	0.25510204081632654
wavelet-HHH	gldm	DependenceVariance	1.9183673469387754
wavelet-HHH	gldm	GrayLevelNonUniformity	7.0
wavelet-HHH	gldm	GrayLevelVariance	0.25
wavelet-HHH	gldm	HighGrayLevelEmphasis	2.5
wavelet-HHH	gldm	LargeDependenceEmphasis	12.714285714285714
wavelet-HHH	gldm	LargeDependenceHighGrayLevelEmphasis	34.357142857142854
wavelet-HHH	gldm	LargeDependenceLowGrayLevelEmphasis	7.303571428571429
wavelet-HHH	gldm	LowGrayLevelEmphasis	0.625
wavelet-HHH	gldm	SmallDependenceEmphasis	0.27246031746031746
wavelet-HHH	gldm	SmallDependenceHighGrayLevelEmphasis	0.5782936507936507
wavelet-HHH	gldm	SmallDependenceLowGrayLevelEmphasis	0.19600198412698416
wavelet-HHH	ngtdm	Busyness	4.030952380952381
wavelet-HHH	ngtdm	Coarseness	0.24808033077377437
wavelet-HHH	ngtdm	Complexity	0.5758503401360544
wavelet-HHH	ngtdm	Contrast	0.1439625850340136
wavelet-HHH	ngtdm	Strength	0.24808033077377437
wavelet-LLL	firstorder	10Percentile	162.10128221943214
wavelet-LLL	firstorder	90Percentile	324.13126159749083
wavelet-LLL	firstorder	Energy	4060382.6471363166
wavelet-LLL	firstorder	Entropy	2.8423709931771057
wavelet-LLL	firstorder	InterquartileRange	105.9815949827154
wavelet-LLL	firstorder	Kurtosis	1.7518105936467625
wavelet-LLL	firstorder	Maximum	342.3797962216093
wavelet-LLL	firstorder	MeanAbsoluteDeviation	54.847682774605225
wavelet-LLL	firstorder	Mean	234.84741131642267
wavelet-LLL	firstorder	Median	225.5415782526823
wavelet-LLL	firstorder	Minimum	154.76294100072806
wavelet-LLL	firstorder	Range	187.61685522088123
wavelet-LLL	firstorder	RobustMeanAbsoluteDeviation	41.46937670286259
wavelet-LLL	firstorder	RootMeanSquared	538.5418571831797
wavelet-LLL	firstorder	Skewness	0.3788568832534853
wavelet-LLL	firstorder	TotalEnergy	7871443.552781806
wavelet-LLL	firstorder	Uniformity	0.15306122448979592
wavelet-LLL	firstorder	Variance	3965.5785464296814
wavelet-LLL	glcm	Autocorrelation	15.880456349206348
wavelet-LLL	glcm	JointAverage	3.813672438672439
wavelet-LLL	glcm	ClusterProminence	326.0400459548015
wavelet-LLL	glcm	ClusterShade	12.177733994536448
wavelet-LLL	glcm	ClusterTendency	12.641933273156216
wavelet-LLL	glcm	Contrast	7.349476911976911
wavelet-LLL	glcm	Correlation	0.23597631550744827
wavelet-LLL	glcm	DifferenceAverage	2.3584054834054835
wavelet-LLL	glcm	DifferenceEntropy	1.4963547635763075
wavelet-LLL	glcm	DifferenceVariance	0.7869576511351404
wavelet-LLL	glcm	JointEnergy	0.07400455447330448
wavelet-LLL	glcm	JointEntropy	3.842132430988844
wavelet-LLL	glcm	Imc1	-0.642791218963043
wavelet-LLL	glcm	Imc2	0.9851837110278993
wavelet-LLL	glcm	Idm	0.2701306454982926
wavelet-LLL	glcm	Idmn	0.9047215603033221
wavelet-LLL	glcm	Id	0.3675482503607504
wavelet-LLL	glcm	Idn	0.785386218719552
wavelet-LLL	glcm	InverseVariance	0.3369295133878467
wavelet-LLL	glcm	MaximumProbability	0.10845057720057721
wavelet-LLL	glcm	SumEntropy	2.7119015507579665
wavelet-LLL	glcm	SumSquares	4.997852546283282
wavelet-LLL	glrlm	GrayLevelNonUniformity	1.9935064935064934
wavelet-LLL	glrlm	GrayLevelNonUniformityNormalized	0.1499198853094957
wavelet-LLL	glrlm	GrayLevelVariance	5.441505734525215
wavelet-LLL	glrlm	HighGrayLevelRunEmphasis	21.150974025974026
wavelet-LLL	glrlm	LongRunEmphasis	1.25
wavelet-LLL	glrlm	LongRunHighGrayLevelEmphasis	21.60551948051948
wavelet-LLL	glrlm	LongRunLowGrayLevelEmphasis	0.4613401300725918
wavelet-LLL	glrlm	LowGrayLevelRunEmphasis	0.26247649370895537
wavelet-LLL	glrlm	RunEntropy	2.905727058633062
wavelet-LLL	glrlm	RunLengthNonUniformity	12.386363636363637
wavelet-LLL	glrlm	RunLengthNonUniformityNormalized	0.9214876033057852
wavelet-LLL	glrlm	RunPercentage	0.9464285714285714
wavelet-LLL	glrlm	RunVariance	0.09504132231404958
wavelet-LLL	glrlm	ShortRunEmphasis	0.9627525252525253
wavelet-LLL	glrlm	ShortRunHighGrayLevelEmphasis	21.06259018759019
wavelet-LLL	glrlm	ShortRunLowGrayLevelEmphasis	0.23801310987057156
wavelet-LLL	glszm	GrayLevelNonUniformity	1.5454545454545454
wavelet-LLL	glszm	GrayLevelNonUniformityNormalized	0.14049586776859505
wavelet-LLL	glszm	GrayLevelVariance	4.975206611570249
wavelet-LLL	glszm	HighGrayLevelZoneEmphasis	24.818181818181817
wavelet-LLL	glszm	LargeAreaEmphasis	2.0
wavelet-LLL	glszm	LargeAreaHighGrayLevelEmphasis	26.636363636363637
wavelet-LLL	glszm	LargeAreaLowGrayLevelEmphasis	0.9645754741290454
wavelet-LLL	glszm	LowGrayLevelZoneEmphasis	0.1691209286745001
wavelet-LLL	glszm	SizeZoneNonUniformity	7.545454545454546
wavelet-LLL	glszm	SizeZoneNonUniformityNormalized	0.6859504132231405
wavelet-LLL	glszm	SmallAreaEmphasis	0.851010101010101
wavelet-LLL	glszm	SmallAreaHighGrayLevelEmphasis	24.464646464646464
wavelet-LLL	glszm	SmallAreaLowGrayLevelEmphasis	0.07126739332096475
wavelet-LLL	glszm	ZoneEntropy	3.095795255000931
wavelet-LLL	glszm	ZonePercentage	0.7857142857142857
wavelet-LLL	glszm	ZoneVariance	0.3801652892561983
wavelet-LLL	gldm	DependenceEntropy	3.23592635062903
wavelet-LLL	gldm	DependenceNonUniformity	7.0
wavelet-LLL	gldm	DependenceNonUniformityNormalized	0.5
wavelet-LLL	gldm	DependenceVariance	0.3877551020408163
wavelet-LLL	gldm	GrayLevelNonUniformity	2.142857142857143
wavelet-LLL	gldm	GrayLevelVariance	5.596938775510205
wavelet-LLL	gldm	HighGrayLevelEmphasis	19.928571428571427
wavelet-LLL	gldm	LargeDependenceEmphasis	2.4285714285714284
wavelet-LLL	gldm	LargeDependenceHighGrayLevelEmphasis	22.642857142857142
wavelet-LLL	gldm	LargeDependenceLowGrayLevelEmphasis	1.4007378725299644
wavelet-LLL	gldm	LowGrayLevelEmphasis	0.29359501538710725
wavelet-LLL	gldm	SmallDependenceEmphasis	0.7222222222222222
wavelet-LLL	gldm	SmallDependenceHighGrayLevelEmphasis	19.32936507936508
wavelet-LLL	gldm	SmallDependenceLowGrayLevelEmphasis	0.09617438046647231
wavelet-LLL	ngtdm	Busyness	0.18626126126126127
wavelet-LLL	ngtdm	Coarseness	0.33857315598548976
wavelet-LLL	ngtdm	Complexity	35.68273809523809
wavelet-LLL	ngtdm	Contrast	0.28008490385950296
wavelet-LLL	ngtdm	Strength	9.2632601043816
